--
-- PostgreSQL database dump
--

SET statement_timeout = 0;
SET client_encoding = 'UTF8';
SET standard_conforming_strings = on;
SET check_function_bodies = false;
SET client_min_messages = warning;

--
-- Name: plpgsql; Type: EXTENSION; Schema: -; Owner: -
--

CREATE EXTENSION IF NOT EXISTS plpgsql WITH SCHEMA pg_catalog;


--
-- Name: EXTENSION plpgsql; Type: COMMENT; Schema: -; Owner: -
--

COMMENT ON EXTENSION plpgsql IS 'PL/pgSQL procedural language';


SET search_path = public, pg_catalog;

SET default_tablespace = '';

SET default_with_oids = false;

--
-- Name: company; Type: TABLE; Schema: public; Owner: -; Tablespace: 
--

CREATE TABLE company (
    stock_symbol character varying NOT NULL
);


--
-- Name: customer; Type: TABLE; Schema: public; Owner: -; Tablespace: 
--

CREATE TABLE customer (
    name text NOT NULL
);


--
-- Name: stock; Type: TABLE; Schema: public; Owner: -; Tablespace: 
--

CREATE TABLE stock (
    company text NOT NULL,
    day date NOT NULL,
    price_open numeric NOT NULL,
    price_high numeric NOT NULL,
    price_low numeric NOT NULL,
    price_close numeric NOT NULL,
    volume bigint NOT NULL,
    price_adj_close numeric NOT NULL
);


--
-- Name: trading; Type: TABLE; Schema: public; Owner: -; Tablespace: 
--

CREATE TABLE trading (
    customer text NOT NULL,
    company character varying NOT NULL,
    day date NOT NULL,
    amount integer
);


--
-- Data for Name: company; Type: TABLE DATA; Schema: public; Owner: -
--

COPY company (stock_symbol) FROM stdin;
VOLT
MAYS
VOXW
RBPAA
XBKS
CDCS
TDSC
CPBY
MDVN
SWHC
JAVA
\.


--
-- Data for Name: customer; Type: TABLE DATA; Schema: public; Owner: -
--

COPY customer (name) FROM stdin;
customer1
customer2
customer3
customer4
customer5
customer6
customer7
customer8
customer9
customer10
\.


--
-- Data for Name: stock; Type: TABLE DATA; Schema: public; Owner: -
--

COPY stock (company, day, price_open, price_high, price_low, price_close, volume, price_adj_close) FROM stdin;
CPBY	2016-12-31	6.32	6.33	6.12	6.16	195300	6.16
CPBY	2016-12-30	6.24	6.36	6.08	6.31	242600	6.31
CPBY	2016-12-29	6.37	6.37	6.14	6.30	265100	6.30
CPBY	2016-12-28	6.55	6.60	6.33	6.39	382100	6.39
CPBY	2016-12-24	6.34	6.49	6.29	6.46	244300	6.46
CPBY	2016-12-23	6.09	6.33	6.01	6.29	301100	6.29
CPBY	2016-12-22	5.96	6.15	5.96	6.09	480100	6.09
CPBY	2016-12-21	6.01	6.02	5.90	5.94	450800	5.94
CPBY	2016-12-18	5.81	6.07	5.81	5.97	1148300	5.97
CPBY	2016-12-17	5.95	6.00	5.60	5.63	992000	5.63
CPBY	2016-12-16	6.01	6.15	6.00	6.06	245400	6.06
CPBY	2016-12-15	5.97	6.10	5.95	5.97	308400	5.97
CPBY	2016-12-14	6.14	6.19	5.68	6.02	443100	6.02
CPBY	2016-12-11	6.24	6.24	6.00	6.06	302600	6.06
CPBY	2016-12-10	6.26	6.33	6.06	6.17	189100	6.17
CPBY	2016-12-09	6.01	6.27	6.01	6.24	319800	6.24
CPBY	2016-12-08	6.29	6.40	6.21	6.25	229200	6.25
CPBY	2016-12-07	6.20	6.54	6.20	6.33	432200	6.33
CPBY	2016-12-04	6.25	6.32	6.05	6.18	318600	6.18
CPBY	2016-12-03	6.23	6.65	6.06	6.18	1147600	6.18
CPBY	2016-12-02	6.16	6.25	6.09	6.18	393700	6.18
CPBY	2016-12-01	6.00	6.32	5.99	6.16	625700	6.16
CPBY	2016-11-30	6.26	6.37	5.80	5.97	896100	5.97
CPBY	2016-11-27	5.91	6.41	5.60	6.23	392200	6.23
CPBY	2016-11-25	6.51	6.57	6.39	6.43	235800	6.43
CPBY	2016-11-24	6.54	6.60	6.35	6.50	387000	6.50
CPBY	2016-11-23	6.52	6.88	6.50	6.57	413800	6.57
CPBY	2016-11-20	6.55	6.67	6.20	6.42	461600	6.42
CPBY	2016-11-19	6.87	6.87	6.48	6.59	561300	6.59
CPBY	2016-11-18	7.03	7.09	6.76	6.90	809500	6.90
CPBY	2016-11-17	7.00	7.07	6.69	6.91	418600	6.91
CPBY	2016-11-16	6.65	7.04	6.55	6.93	1113200	6.93
CPBY	2016-11-13	6.62	6.70	6.25	6.52	765900	6.52
CPBY	2016-11-12	6.75	6.75	6.56	6.59	574500	6.59
CPBY	2016-11-11	6.83	6.85	6.64	6.72	511900	6.72
CPBY	2016-11-10	6.85	6.96	6.53	6.74	546400	6.74
CPBY	2016-11-09	6.90	7.24	6.82	6.89	1045400	6.89
CPBY	2016-11-06	6.61	6.92	6.54	6.66	502300	6.66
CPBY	2016-11-05	6.39	6.71	6.38	6.67	349000	6.67
CPBY	2016-11-04	6.37	6.76	6.33	6.37	519600	6.37
CPBY	2016-11-03	6.06	6.40	5.79	6.30	479700	6.30
CPBY	2016-11-02	6.48	6.55	6.06	6.27	396800	6.27
CPBY	2016-10-30	6.76	6.76	6.20	6.40	583300	6.40
CPBY	2016-10-29	6.35	6.91	6.35	6.76	696900	6.76
CPBY	2016-10-28	6.58	6.66	6.23	6.26	551200	6.26
CPBY	2016-10-27	6.65	6.94	6.37	6.63	1211800	6.63
CPBY	2016-10-26	7.30	7.40	6.50	6.72	1324300	6.72
CPBY	2016-10-23	7.59	7.60	7.23	7.30	682900	7.30
CPBY	2016-10-22	7.60	7.63	7.01	7.60	1045200	7.60
CPBY	2016-10-21	7.73	7.95	7.63	7.65	548000	7.65
CPBY	2016-10-20	7.97	7.97	7.50	7.78	445100	7.78
CPBY	2016-10-19	7.76	7.95	7.73	7.85	672700	7.85
CPBY	2016-10-16	7.61	7.66	7.40	7.62	612800	7.62
CPBY	2016-10-15	7.68	7.68	7.21	7.66	1034600	7.66
CPBY	2016-10-14	7.42	7.68	7.39	7.68	1939800	7.68
CPBY	2016-10-13	7.30	7.39	6.96	7.16	1134900	7.16
CPBY	2016-10-12	7.15	7.15	6.60	6.67	983400	6.67
CPBY	2016-10-09	7.00	7.04	6.65	7.00	965400	7.00
CPBY	2016-10-08	6.78	6.98	6.14	6.94	989800	6.94
CPBY	2016-10-07	6.20	6.88	6.18	6.58	918300	6.58
CPBY	2016-10-06	6.00	6.25	5.96	6.17	633200	6.17
CPBY	2016-10-05	5.35	5.95	5.35	5.83	660000	5.83
CPBY	2016-10-02	5.05	5.37	4.80	5.29	429400	5.29
CPBY	2016-10-01	5.52	5.55	5.19	5.21	308700	5.21
CPBY	2016-09-30	5.61	5.65	5.19	5.54	478900	5.54
CPBY	2016-09-29	5.49	5.70	5.45	5.53	465800	5.53
CPBY	2016-09-28	5.25	5.48	5.25	5.39	562800	5.39
CPBY	2016-09-25	4.99	5.22	4.86	5.19	454100	5.19
CPBY	2016-09-24	4.80	4.99	4.58	4.92	506900	4.92
CPBY	2016-09-23	4.60	4.84	4.53	4.77	349200	4.77
CPBY	2016-09-22	4.47	4.95	4.47	4.59	662700	4.59
CPBY	2016-09-21	4.53	4.53	4.45	4.47	519200	4.47
CPBY	2016-09-18	4.50	4.58	4.37	4.51	900100	4.51
CPBY	2016-09-17	4.27	4.52	4.26	4.45	662100	4.45
CPBY	2016-09-16	4.36	4.39	4.19	4.23	446400	4.23
CPBY	2016-09-15	4.31	4.33	4.21	4.30	328100	4.30
CPBY	2016-09-14	4.05	4.26	3.98	4.24	463600	4.24
CPBY	2016-09-11	4.00	4.11	3.98	4.05	424800	4.05
CPBY	2016-09-10	4.03	4.05	3.93	4.00	616100	4.00
CPBY	2016-09-09	4.07	4.17	3.93	4.02	454500	4.02
CPBY	2016-09-08	3.97	4.06	3.88	4.05	749100	4.05
CPBY	2016-09-04	3.68	3.79	3.63	3.79	90200	3.79
CPBY	2016-09-03	3.75	3.76	3.61	3.68	71100	3.68
CPBY	2016-09-02	3.75	3.76	3.63	3.71	65600	3.71
CPBY	2016-09-01	3.86	3.95	3.62	3.78	249200	3.78
CPBY	2016-08-31	3.66	3.88	3.61	3.85	361000	3.85
CPBY	2016-08-28	3.85	3.87	3.66	3.71	107200	3.71
CPBY	2016-08-27	3.75	3.85	3.61	3.85	77300	3.85
CPBY	2016-08-26	3.80	3.80	3.72	3.80	90300	3.80
CPBY	2016-08-25	3.83	3.85	3.77	3.80	257700	3.80
CPBY	2016-08-24	3.63	3.91	3.63	3.78	529900	3.78
CPBY	2016-08-21	3.60	3.62	3.50	3.61	226100	3.61
CPBY	2016-08-20	3.48	3.59	3.44	3.58	104600	3.58
CPBY	2016-08-19	3.50	3.52	3.41	3.47	132200	3.47
CPBY	2016-08-18	3.36	3.53	3.36	3.49	183800	3.49
CPBY	2016-08-17	3.48	3.50	3.28	3.35	262600	3.35
CPBY	2016-08-14	3.60	3.64	3.50	3.53	183000	3.53
CPBY	2016-08-13	3.65	3.70	3.56	3.64	273400	3.64
CPBY	2016-08-12	3.51	3.68	3.51	3.61	128700	3.61
CPBY	2016-08-11	3.65	3.70	3.51	3.53	149900	3.53
CPBY	2016-08-10	3.57	3.77	3.55	3.63	302700	3.63
CPBY	2016-08-07	3.43	3.73	3.43	3.61	223600	3.61
CPBY	2016-08-06	4.00	4.10	3.39	3.49	470600	3.49
CPBY	2016-08-05	3.64	3.80	3.60	3.79	464300	3.79
CPBY	2016-08-04	3.68	3.73	3.61	3.65	185300	3.65
CPBY	2016-08-03	3.80	3.85	3.68	3.72	323900	3.72
CPBY	2016-07-31	3.50	3.80	3.50	3.76	404500	3.76
CPBY	2016-07-30	3.19	3.44	3.10	3.42	387300	3.42
CPBY	2016-07-29	3.12	3.25	3.08	3.12	106800	3.12
CPBY	2016-07-28	3.19	3.19	3.08	3.15	395400	3.15
CPBY	2016-07-27	3.13	3.21	3.10	3.20	290000	3.20
CPBY	2016-07-24	3.14	3.20	3.10	3.12	121600	3.12
CPBY	2016-07-23	2.99	3.15	2.99	3.13	245100	3.13
CPBY	2016-07-22	2.95	3.00	2.93	3.00	87600	3.00
CPBY	2016-07-21	3.00	3.00	2.92	2.96	131100	2.96
CPBY	2016-07-20	3.03	3.04	2.95	2.99	99100	2.99
CPBY	2016-07-17	3.00	3.00	2.91	3.00	72800	3.00
CPBY	2016-07-16	3.08	3.08	2.86	2.98	114400	2.98
CPBY	2016-07-15	3.25	3.25	2.98	3.05	354100	3.05
CPBY	2016-07-14	2.97	3.15	2.85	2.92	82900	2.92
CPBY	2016-07-13	2.62	3.04	2.60	2.92	285800	2.92
CPBY	2016-07-10	2.59	2.63	2.56	2.60	50500	2.60
CPBY	2016-07-09	2.61	2.69	2.60	2.61	68300	2.61
CPBY	2016-07-08	2.78	2.78	2.60	2.64	94900	2.64
CPBY	2016-07-07	2.85	2.85	2.71	2.75	61100	2.75
CPBY	2016-07-06	2.91	2.91	2.80	2.80	128600	2.80
CPBY	2016-07-02	2.87	2.91	2.84	2.86	79500	2.86
CPBY	2016-07-01	2.88	2.97	2.88	2.95	63600	2.95
CPBY	2016-06-30	2.99	3.00	2.82	2.86	108900	2.86
CPBY	2016-06-29	3.03	3.25	2.91	2.93	944700	2.93
CPBY	2016-06-26	2.83	3.05	2.81	3.04	715800	3.04
CPBY	2016-06-25	2.71	2.88	2.50	2.87	220100	2.87
CPBY	2016-06-24	2.82	2.82	2.71	2.73	78800	2.73
CPBY	2016-06-23	2.83	2.85	2.75	2.76	46200	2.76
CPBY	2016-06-22	2.77	2.88	2.75	2.78	126300	2.78
CPBY	2016-06-19	2.72	2.82	2.69	2.77	226900	2.77
CPBY	2016-06-18	2.66	2.90	2.63	2.66	170200	2.66
CPBY	2016-06-17	2.77	2.83	2.61	2.66	122200	2.66
CPBY	2016-06-16	2.99	2.99	2.75	2.76	182600	2.76
CPBY	2016-06-15	3.00	3.00	2.91	2.93	142800	2.93
CPBY	2016-06-12	3.00	3.03	2.97	3.00	215800	3.00
CPBY	2016-06-11	2.99	3.14	2.98	3.04	466300	3.04
CPBY	2016-06-10	2.93	3.05	2.91	3.04	255300	3.04
CPBY	2016-06-09	2.88	2.94	2.87	2.90	97200	2.90
CPBY	2016-06-08	2.94	2.95	2.85	2.87	99400	2.87
CPBY	2016-06-05	2.95	2.97	2.86	2.92	141200	2.92
CPBY	2016-06-04	2.93	2.99	2.85	2.90	118700	2.90
CPBY	2016-06-03	2.93	3.00	2.90	2.92	150000	2.92
CPBY	2016-06-02	2.95	2.99	2.88	2.93	143700	2.93
CPBY	2016-06-01	2.93	2.94	2.80	2.93	147000	2.93
CPBY	2016-05-29	2.89	2.89	2.75	2.77	141100	2.77
CPBY	2016-05-28	2.95	2.95	2.73	2.90	134000	2.90
CPBY	2016-05-27	2.99	2.99	2.90	2.91	85900	2.91
CPBY	2016-05-26	2.95	2.99	2.89	2.97	165700	2.97
CPBY	2016-05-22	2.99	3.00	2.90	2.90	60500	2.90
CPBY	2016-05-21	2.96	3.00	2.93	2.97	45600	2.97
CPBY	2016-05-20	3.05	3.05	2.93	2.96	131000	2.96
CPBY	2016-05-19	3.06	3.09	2.92	2.99	150400	2.99
CPBY	2016-05-18	2.97	3.00	2.94	3.00	143900	3.00
CPBY	2016-05-15	3.00	3.00	2.90	2.92	103900	2.92
CPBY	2016-05-14	2.81	3.00	2.78	2.92	136100	2.92
CPBY	2016-05-13	3.10	3.11	2.85	2.87	347500	2.87
CPBY	2016-05-12	3.01	3.11	2.78	3.09	444400	3.09
CPBY	2016-05-11	3.00	3.02	2.70	2.78	853000	2.78
CPBY	2016-05-08	3.89	4.13	3.17	3.50	290800	3.50
CPBY	2016-05-07	4.27	4.33	3.73	3.80	186900	3.80
CPBY	2016-05-06	3.87	4.19	3.77	3.99	271800	3.99
CPBY	2016-05-05	3.60	3.77	3.55	3.62	164400	3.62
CPBY	2016-05-04	3.14	3.70	3.05	3.55	271600	3.55
CPBY	2016-05-01	3.04	3.10	3.02	3.05	58200	3.05
CPBY	2016-04-30	3.05	3.12	3.00	3.04	115700	3.04
CPBY	2016-04-29	3.02	3.02	2.90	3.00	64000	3.00
CPBY	2016-04-28	2.95	3.03	2.95	3.00	54200	3.00
CPBY	2016-04-27	3.04	3.05	2.90	2.98	82600	2.98
CPBY	2016-04-24	3.02	3.05	2.95	3.00	91800	3.00
CPBY	2016-04-23	2.98	3.03	2.92	2.94	22400	2.94
CPBY	2016-04-22	3.03	3.04	2.96	2.99	49200	2.99
CPBY	2016-04-21	2.85	3.00	2.85	3.00	28100	3.00
CPBY	2016-04-20	3.05	3.05	2.83	2.83	50200	2.83
CPBY	2016-04-17	3.06	3.06	2.99	3.00	147100	3.00
CPBY	2016-04-16	3.00	3.05	2.96	3.01	42600	3.01
CPBY	2016-04-15	3.17	3.19	2.97	3.01	68100	3.01
CPBY	2016-04-14	2.99	3.05	2.90	2.93	63700	2.93
CPBY	2016-04-13	3.15	3.19	2.93	2.99	96600	2.99
CPBY	2016-04-09	3.01	3.25	3.00	3.19	61800	3.19
CPBY	2016-04-08	2.85	3.04	2.85	3.01	305900	3.01
CPBY	2016-04-07	2.87	2.99	2.80	2.81	20700	2.81
CPBY	2016-04-06	2.90	2.97	2.75	2.93	40000	2.93
CPBY	2016-04-03	3.04	3.04	2.90	3.04	37400	3.04
CPBY	2016-04-02	2.68	3.15	2.68	3.04	104800	3.04
CPBY	2016-04-01	3.10	3.33	2.84	3.00	48300	3.00
CPBY	2016-03-31	3.05	3.20	2.96	3.16	18200	3.16
CPBY	2016-03-30	2.90	3.03	2.80	2.99	38600	2.99
CPBY	2016-03-27	3.05	3.10	2.84	2.89	33700	2.89
CPBY	2016-03-26	2.99	3.10	2.70	3.04	74100	3.04
CPBY	2016-03-25	2.82	2.93	2.73	2.91	41900	2.91
CPBY	2016-03-24	2.95	2.97	2.74	2.81	140600	2.81
CPBY	2016-03-23	2.69	3.06	2.59	3.00	93700	3.00
CPBY	2016-03-20	2.75	2.79	2.59	2.59	69700	2.59
CPBY	2016-03-19	2.84	2.90	2.40	2.73	34700	2.73
CPBY	2016-03-18	2.74	2.80	2.56	2.78	59800	2.78
CPBY	2016-03-17	2.49	2.80	2.45	2.75	84000	2.75
CPBY	2016-03-16	3.66	3.66	2.24	2.48	232000	2.48
CPBY	2016-03-13	2.43	2.84	2.43	2.67	71900	2.67
CPBY	2016-03-12	2.16	2.43	2.16	2.41	54800	2.41
CPBY	2016-03-11	2.31	2.41	2.03	2.05	30000	2.05
CPBY	2016-03-10	1.89	2.30	1.89	2.30	58800	2.30
CPBY	2016-03-09	2.07	2.07	1.82	1.83	42300	1.83
CPBY	2016-03-06	2.05	2.10	2.02	2.09	26000	2.09
CPBY	2016-03-05	2.22	2.22	2.00	2.01	285300	2.01
CPBY	2016-03-04	2.04	2.40	2.04	2.30	61600	2.30
CPBY	2016-03-03	2.27	2.31	2.00	2.00	50400	2.00
CPBY	2016-03-02	2.51	2.63	2.23	2.23	85600	2.23
CPBY	2016-02-27	2.52	2.71	2.51	2.55	36200	2.55
CPBY	2016-02-26	2.65	2.73	2.51	2.51	40600	2.51
CPBY	2016-02-25	2.95	3.06	2.60	2.61	77800	2.61
CPBY	2016-02-24	2.81	3.00	2.81	2.97	42100	2.97
CPBY	2016-02-23	2.93	2.93	2.73	2.74	36200	2.74
CPBY	2016-02-20	2.97	2.98	2.89	2.91	30500	2.91
CPBY	2016-02-19	3.21	3.21	2.78	2.91	86300	2.91
CPBY	2016-02-18	3.21	3.25	3.15	3.15	43500	3.15
CPBY	2016-02-17	3.50	3.53	3.15	3.15	79000	3.15
CPBY	2016-02-13	3.77	3.77	3.50	3.56	23100	3.56
CPBY	2016-02-12	3.51	3.86	3.51	3.78	246000	3.78
CPBY	2016-02-11	3.50	3.61	3.48	3.59	39600	3.59
CPBY	2016-02-10	3.60	3.75	3.45	3.49	67700	3.49
CPBY	2016-02-09	3.53	3.61	3.38	3.61	16700	3.61
CPBY	2016-02-06	3.27	3.60	3.09	3.59	67600	3.59
CPBY	2016-02-05	3.19	3.25	3.03	3.10	30600	3.10
CPBY	2016-02-04	3.44	3.45	3.21	3.21	31000	3.21
CPBY	2016-02-03	3.10	3.40	3.08	3.40	39500	3.40
CPBY	2016-02-02	3.00	3.19	3.00	3.06	137100	3.06
CPBY	2016-01-30	3.05	3.18	3.00	3.06	52200	3.06
CPBY	2016-01-29	2.93	3.10	2.89	3.02	32000	3.02
CPBY	2016-01-28	3.05	3.05	2.93	2.96	42800	2.96
CPBY	2016-01-27	2.86	3.22	2.82	3.00	2189400	3.00
CPBY	2016-01-26	2.66	2.91	2.66	2.84	53700	2.84
CPBY	2016-01-23	2.61	2.74	2.59	2.65	35900	2.65
CPBY	2016-01-22	2.80	2.84	2.64	2.64	28500	2.64
CPBY	2016-01-21	2.80	2.93	2.75	2.88	88200	2.88
CPBY	2016-01-20	3.10	3.21	2.68	2.75	76000	2.75
CPBY	2016-01-16	3.17	3.21	3.11	3.16	48400	3.16
CPBY	2016-01-15	3.16	3.50	2.90	3.14	85700	3.14
CPBY	2016-01-14	3.18	3.55	3.16	3.17	51800	3.17
CPBY	2016-01-13	3.10	3.39	3.10	3.24	29600	3.24
CPBY	2016-01-12	3.38	3.46	3.09	3.10	39400	3.10
CPBY	2016-01-09	3.64	3.73	3.36	3.38	45600	3.38
CPBY	2016-01-08	3.53	3.63	3.51	3.63	36100	3.63
CPBY	2016-01-07	3.83	3.86	3.38	3.56	58600	3.56
CPBY	2016-01-06	3.96	3.96	3.75	3.91	50500	3.91
CPBY	2016-01-05	3.95	3.99	3.78	3.91	78900	3.91
CPBY	2016-01-02	3.61	3.96	3.59	3.93	134900	3.93
CDCS	2016-12-31	9.08	10.10	9.05	9.66	63800	9.66
CDCS	2016-12-30	9.15	9.24	9.08	9.08	28900	9.08
CDCS	2016-12-29	9.14	9.20	9.07	9.07	22300	9.07
CDCS	2016-12-28	9.00	9.19	8.86	9.14	33500	9.14
CDCS	2016-12-24	9.24	9.24	8.91	9.02	12200	9.02
CDCS	2016-12-23	9.20	9.25	9.00	9.10	35800	9.10
CDCS	2016-12-22	9.02	9.16	9.02	9.16	6800	9.16
CDCS	2016-12-21	9.00	9.45	9.00	9.01	59900	9.01
CDCS	2016-12-18	9.09	9.26	9.01	9.01	48200	9.01
CDCS	2016-12-17	9.11	9.11	8.93	8.93	27500	8.93
CDCS	2016-12-16	9.03	9.42	8.80	9.05	17100	9.05
CDCS	2016-12-15	9.23	9.25	9.00	9.01	16800	9.01
CDCS	2016-12-14	9.48	9.50	9.00	9.04	23200	9.04
CDCS	2016-12-11	9.50	9.60	9.44	9.44	19000	9.44
CDCS	2016-12-10	9.60	9.60	9.51	9.51	1100	9.51
CDCS	2016-12-09	9.41	9.60	9.41	9.57	18200	9.57
CDCS	2016-12-08	9.37	9.55	9.35	9.40	32500	9.40
CDCS	2016-12-07	9.65	9.65	9.33	9.41	9900	9.41
CDCS	2016-12-04	9.94	10.10	9.60	9.65	29600	9.65
CDCS	2016-12-03	9.96	9.96	9.90	9.94	10300	9.94
CDCS	2016-12-02	9.72	9.90	9.72	9.82	10300	9.82
CDCS	2016-12-01	9.74	10.14	9.60	9.82	16100	9.82
CDCS	2016-11-30	9.45	9.79	9.45	9.60	23800	9.60
CDCS	2016-11-27	9.50	9.57	9.50	9.50	7400	9.50
CDCS	2016-11-25	9.54	9.70	9.40	9.65	7300	9.65
CDCS	2016-11-24	10.09	10.09	9.50	9.60	27800	9.60
CDCS	2016-11-23	10.10	10.22	9.75	9.91	37800	9.91
CDCS	2016-11-20	10.10	10.20	9.97	10.00	17700	10.00
CDCS	2016-11-19	9.90	10.08	9.88	10.08	2400	10.08
CDCS	2016-11-18	10.00	10.00	10.00	10.00	1800	10.00
CDCS	2016-11-17	10.10	10.15	10.00	10.10	11100	10.10
CDCS	2016-11-16	10.00	10.05	9.80	10.01	13300	10.01
CDCS	2016-11-13	9.95	9.99	9.75	9.99	9400	9.99
CDCS	2016-11-12	10.20	10.24	9.90	9.99	22300	9.99
CDCS	2016-11-11	9.70	10.14	9.55	10.10	85300	10.10
CDCS	2016-11-10	9.40	9.65	9.35	9.65	40300	9.65
CDCS	2016-11-09	9.56	9.60	9.36	9.56	10600	9.56
CDCS	2016-11-06	9.57	9.58	9.30	9.33	24000	9.33
CDCS	2016-11-05	9.17	9.50	9.08	9.30	11600	9.30
CDCS	2016-11-04	9.40	9.57	9.18	9.28	47400	9.28
CDCS	2016-11-03	9.34	9.50	9.16	9.20	11700	9.20
CDCS	2016-11-02	9.71	9.71	9.15	9.20	15600	9.20
CDCS	2016-10-30	9.30	9.85	9.21	9.74	101600	9.74
CDCS	2016-10-29	9.09	9.15	8.92	9.10	42800	9.10
CDCS	2016-10-28	9.25	9.25	8.71	8.80	27000	8.80
CDCS	2016-10-27	9.28	9.43	9.22	9.35	71600	9.35
CDCS	2016-10-26	9.25	9.30	9.14	9.20	37800	9.20
CDCS	2016-10-23	8.92	9.21	8.92	9.07	62100	9.07
CDCS	2016-10-22	9.30	9.37	9.00	9.10	97400	9.10
CDCS	2016-10-21	9.00	9.35	8.90	9.35	61900	9.35
CDCS	2016-10-20	8.50	8.94	8.44	8.93	52800	8.93
CDCS	2016-10-19	8.65	8.65	8.50	8.54	46400	8.54
CDCS	2016-10-16	8.52	8.65	8.51	8.63	30900	8.63
CDCS	2016-10-15	8.70	8.75	8.41	8.50	15800	8.50
CDCS	2016-10-14	8.73	8.75	8.60	8.65	14900	8.65
CDCS	2016-10-13	8.53	8.90	8.51	8.56	40100	8.56
CDCS	2016-10-12	8.90	8.90	8.50	8.69	10100	8.69
CDCS	2016-10-09	8.80	8.85	8.55	8.80	24500	8.80
CDCS	2016-10-08	9.06	9.15	8.73	8.80	28900	8.80
CDCS	2016-10-07	9.00	9.00	8.81	8.81	32400	8.81
CDCS	2016-10-06	8.90	9.10	8.90	9.02	19300	9.02
CDCS	2016-10-05	9.26	9.35	9.00	9.05	9800	9.05
CDCS	2016-10-02	8.93	9.17	8.93	9.17	2800	9.17
CDCS	2016-10-01	9.00	9.20	8.91	9.19	5900	9.19
CDCS	2016-09-30	9.26	9.26	8.80	9.25	75900	9.25
CDCS	2016-09-29	9.07	9.19	9.07	9.07	13500	9.07
CDCS	2016-09-28	9.35	9.35	9.03	9.16	4800	9.16
CDCS	2016-09-25	9.02	9.46	9.01	9.24	38400	9.24
CDCS	2016-09-24	9.39	9.39	8.95	8.95	47000	8.95
CDCS	2016-09-23	9.30	9.45	9.25	9.25	19300	9.25
CDCS	2016-09-22	9.73	9.75	9.26	9.38	52100	9.38
CDCS	2016-09-21	9.42	9.50	9.31	9.45	36800	9.45
CDCS	2016-09-18	9.48	9.48	9.31	9.38	34400	9.38
CDCS	2016-09-17	9.34	9.47	9.15	9.35	33700	9.35
CDCS	2016-09-16	9.43	9.45	9.25	9.30	64000	9.30
CDCS	2016-09-15	9.17	9.50	9.14	9.33	110600	9.33
CDCS	2016-09-14	8.45	8.95	8.45	8.86	35000	8.86
CDCS	2016-09-11	8.55	8.55	8.40	8.45	23400	8.45
CDCS	2016-09-10	8.63	8.65	8.49	8.49	14700	8.49
CDCS	2016-09-09	8.51	8.54	8.33	8.50	10900	8.50
CDCS	2016-09-08	8.37	8.69	8.37	8.44	46500	8.44
CDCS	2016-09-04	8.43	8.43	8.25	8.25	6100	8.25
CDCS	2016-09-03	8.32	8.32	8.05	8.19	6100	8.19
CDCS	2016-09-02	8.28	8.37	8.15	8.21	22000	8.21
CDCS	2016-09-01	8.41	8.41	8.20	8.20	14100	8.20
CDCS	2016-08-31	8.64	8.64	8.40	8.47	47900	8.47
CDCS	2016-08-28	8.20	8.74	8.20	8.64	30400	8.64
CDCS	2016-08-27	8.48	8.50	8.00	8.28	109600	8.28
CDCS	2016-08-26	8.66	8.75	8.50	8.50	77900	8.50
CDCS	2016-08-25	8.99	8.99	8.60	8.75	86600	8.75
CDCS	2016-08-24	9.13	9.20	8.80	8.80	69900	8.80
CDCS	2016-08-21	9.42	9.42	9.15	9.15	23500	9.15
CDCS	2016-08-20	9.65	9.80	9.39	9.39	43300	9.39
CDCS	2016-08-19	9.35	9.63	9.25	9.54	70000	9.54
CDCS	2016-08-18	9.50	10.00	9.33	9.45	208300	9.45
CDCS	2016-08-17	9.30	9.44	9.22	9.22	73100	9.22
CDCS	2016-08-14	9.55	9.55	9.35	9.43	171400	9.43
CDCS	2016-08-13	9.68	9.69	9.35	9.50	55900	9.50
CDCS	2016-08-12	9.89	9.89	9.35	9.63	123800	9.63
CDCS	2016-08-11	9.24	9.80	9.05	9.75	202000	9.75
CDCS	2016-08-10	9.41	9.60	9.03	9.05	356200	9.05
CDCS	2016-08-07	10.27	10.28	9.10	9.60	689900	9.60
CDCS	2016-08-06	12.00	13.00	8.81	9.99	4984800	9.99
JAVA	2016-12-31	9.36	9.37	9.33	9.37	6288700	9.37
JAVA	2016-12-30	9.36	9.38	9.36	9.38	4368600	9.38
JAVA	2016-12-29	9.37	9.38	9.36	9.37	3434300	9.37
JAVA	2016-12-28	9.35	9.38	9.35	9.38	5389800	9.38
JAVA	2016-12-24	9.36	9.36	9.34	9.35	2367700	9.35
JAVA	2016-12-23	9.34	9.36	9.33	9.36	11051600	9.36
JAVA	2016-12-22	9.35	9.36	9.32	9.33	9111000	9.33
JAVA	2016-12-21	9.34	9.36	9.33	9.35	13724300	9.35
JAVA	2016-12-18	9.33	9.35	9.32	9.33	11688300	9.33
JAVA	2016-12-17	9.30	9.33	9.21	9.29	33450200	9.29
JAVA	2016-12-16	9.32	9.33	9.27	9.31	18657400	9.31
JAVA	2016-12-15	9.34	9.37	9.27	9.32	54580900	9.32
JAVA	2016-12-14	9.14	9.30	9.02	9.28	144213400	9.28
JAVA	2016-12-11	8.52	8.52	8.31	8.36	11969600	8.36
JAVA	2016-12-10	8.54	8.64	8.49	8.52	12556000	8.52
JAVA	2016-12-09	8.51	8.59	8.38	8.55	8019900	8.55
JAVA	2016-12-08	8.44	8.53	8.40	8.49	9315500	8.49
JAVA	2016-12-07	8.46	8.57	8.39	8.46	9181600	8.46
JAVA	2016-12-04	8.68	8.74	8.26	8.44	39307300	8.44
JAVA	2016-12-03	8.27	8.33	8.22	8.23	7378500	8.23
JAVA	2016-12-02	8.35	8.39	8.21	8.26	8345700	8.26
JAVA	2016-12-01	8.50	8.55	8.30	8.31	10901600	8.31
JAVA	2016-11-30	8.51	8.55	8.50	8.51	7437800	8.51
JAVA	2016-11-27	8.49	8.54	8.49	8.52	1776000	8.52
JAVA	2016-11-25	8.54	8.60	8.48	8.56	7357800	8.56
JAVA	2016-11-24	8.51	8.54	8.47	8.51	3825400	8.51
JAVA	2016-11-23	8.63	8.64	8.50	8.54	5906800	8.54
JAVA	2016-11-20	8.66	8.66	8.49	8.61	8205300	8.61
JAVA	2016-11-19	8.65	8.68	8.55	8.60	4894900	8.60
JAVA	2016-11-18	8.65	8.70	8.65	8.68	2586500	8.68
JAVA	2016-11-17	8.65	8.70	8.60	8.70	6844400	8.70
JAVA	2016-11-16	8.65	8.72	8.61	8.65	7345200	8.65
JAVA	2016-11-13	8.60	8.70	8.52	8.67	15584600	8.67
JAVA	2016-11-12	8.44	8.65	8.43	8.60	10695000	8.60
JAVA	2016-11-11	8.34	8.55	8.32	8.47	24824800	8.47
JAVA	2016-11-10	8.23	8.34	8.11	8.15	26199000	8.15
JAVA	2016-11-09	8.17	8.42	8.14	8.24	10085400	8.24
JAVA	2016-11-06	8.25	8.27	8.04	8.10	9429100	8.10
JAVA	2016-11-05	8.30	8.36	8.20	8.23	8427200	8.23
JAVA	2016-11-04	8.20	8.37	8.20	8.32	11966700	8.32
JAVA	2016-11-03	8.20	8.39	8.16	8.35	6256700	8.35
JAVA	2016-11-02	8.16	8.42	8.12	8.25	8684700	8.25
JAVA	2016-10-30	8.20	8.30	8.11	8.18	10385600	8.18
JAVA	2016-10-29	8.28	8.28	8.06	8.27	15388000	8.27
JAVA	2016-10-28	8.27	8.34	8.09	8.18	12088500	8.18
JAVA	2016-10-27	8.26	8.31	8.19	8.23	16498800	8.23
JAVA	2016-10-26	8.42	8.48	8.22	8.31	14460400	8.31
JAVA	2016-10-23	8.49	8.61	8.39	8.44	15240100	8.44
JAVA	2016-10-22	8.76	8.77	8.25	8.44	36387100	8.44
JAVA	2016-10-21	9.03	9.12	8.51	8.71	64623600	8.71
JAVA	2016-10-20	9.08	9.11	9.01	9.01	9453800	9.01
JAVA	2016-10-19	9.13	9.15	9.09	9.11	9073600	9.11
JAVA	2016-10-16	9.16	9.17	9.11	9.12	12694600	9.12
JAVA	2016-10-15	9.15	9.18	9.15	9.17	7581600	9.17
JAVA	2016-10-14	9.15	9.18	9.12	9.15	7206400	9.15
JAVA	2016-10-13	9.09	9.16	9.08	9.15	13214600	9.15
JAVA	2016-10-12	9.09	9.12	9.07	9.10	8302900	9.10
JAVA	2016-10-09	9.01	9.09	9.01	9.08	18492900	9.08
JAVA	2016-10-08	8.94	9.03	8.93	9.02	7791100	9.02
JAVA	2016-10-07	8.89	9.03	8.81	8.95	24210800	8.95
JAVA	2016-10-06	9.00	9.03	8.85	8.90	13700700	8.90
JAVA	2016-10-05	9.00	9.05	8.95	9.02	7890400	9.02
JAVA	2016-10-02	9.03	9.05	8.93	8.96	11588100	8.96
JAVA	2016-10-01	9.06	9.07	9.01	9.04	7174600	9.04
JAVA	2016-09-30	9.06	9.09	9.03	9.09	18982100	9.09
JAVA	2016-09-29	9.06	9.07	9.04	9.05	7748500	9.05
JAVA	2016-09-28	9.06	9.07	9.03	9.07	6306600	9.07
JAVA	2016-09-25	9.07	9.11	9.03	9.03	13596800	9.03
JAVA	2016-09-24	9.04	9.14	9.03	9.09	14729200	9.09
JAVA	2016-09-23	9.07	9.12	9.01	9.05	29490800	9.05
JAVA	2016-09-22	9.06	9.10	9.02	9.06	21615800	9.06
JAVA	2016-09-21	9.15	9.15	9.10	9.11	7461800	9.11
JAVA	2016-09-18	9.14	9.15	9.11	9.14	10663100	9.14
JAVA	2016-09-17	9.16	9.16	9.14	9.14	10250700	9.14
JAVA	2016-09-16	9.15	9.18	9.11	9.16	12686000	9.16
JAVA	2016-09-15	9.15	9.16	9.01	9.14	20405100	9.14
JAVA	2016-09-14	9.15	9.17	9.15	9.17	3813500	9.17
JAVA	2016-09-11	9.15	9.17	9.15	9.17	9887700	9.17
JAVA	2016-09-10	9.15	9.17	9.14	9.17	21468300	9.17
JAVA	2016-09-09	9.14	9.17	9.14	9.17	14358200	9.17
JAVA	2016-09-08	9.15	9.16	9.13	9.16	26408400	9.16
JAVA	2016-09-04	9.13	9.15	9.13	9.15	13386500	9.15
JAVA	2016-09-03	9.11	9.17	9.10	9.15	115816000	9.15
JAVA	2016-09-02	9.20	9.35	9.20	9.32	18845700	9.32
JAVA	2016-09-01	9.29	9.30	9.16	9.20	25231100	9.20
JAVA	2016-08-31	9.36	9.37	9.27	9.28	22173400	9.28
JAVA	2016-08-28	9.34	9.37	9.31	9.34	22783400	9.34
JAVA	2016-08-27	9.34	9.36	9.33	9.34	5113100	9.34
JAVA	2016-08-26	9.33	9.36	9.32	9.35	8198000	9.35
JAVA	2016-08-25	9.33	9.35	9.32	9.34	5136200	9.34
JAVA	2016-08-24	9.34	9.36	9.32	9.32	7796800	9.32
JAVA	2016-08-21	9.34	9.36	9.33	9.35	14894400	9.35
JAVA	2016-08-20	9.28	9.31	9.26	9.27	25898300	9.27
JAVA	2016-08-19	9.20	9.32	9.20	9.28	23117600	9.28
JAVA	2016-08-18	9.18	9.24	9.16	9.22	17836600	9.22
JAVA	2016-08-17	9.15	9.19	9.14	9.18	6397500	9.18
JAVA	2016-08-14	9.15	9.19	9.15	9.16	10779600	9.16
JAVA	2016-08-13	9.15	9.19	9.14	9.18	9078000	9.18
JAVA	2016-08-12	9.13	9.17	9.11	9.15	10023300	9.15
JAVA	2016-08-11	9.12	9.14	9.10	9.12	13857900	9.12
JAVA	2016-08-10	9.10	9.13	9.09	9.11	2586500	9.11
JAVA	2016-08-07	9.17	9.17	9.06	9.11	16478800	9.11
JAVA	2016-08-06	9.18	9.20	9.14	9.15	8291600	9.15
JAVA	2016-08-05	9.17	9.17	9.15	9.15	4952700	9.15
JAVA	2016-08-04	9.16	9.17	9.15	9.16	6473500	9.16
JAVA	2016-08-03	9.20	9.20	9.14	9.17	12905100	9.17
JAVA	2016-07-31	9.23	9.23	9.17	9.17	10781400	9.17
JAVA	2016-07-30	9.18	9.25	9.16	9.23	22366300	9.23
JAVA	2016-07-29	9.20	9.21	9.13	9.16	19139300	9.16
JAVA	2016-07-28	9.23	9.25	9.17	9.20	9776900	9.20
JAVA	2016-07-27	9.22	9.25	9.20	9.24	7863700	9.24
JAVA	2016-07-24	9.21	9.22	9.19	9.22	5019100	9.22
JAVA	2016-07-23	9.19	9.23	9.17	9.22	7867100	9.22
JAVA	2016-07-22	9.16	9.19	9.16	9.17	7699500	9.17
JAVA	2016-07-21	9.16	9.17	9.14	9.16	13112900	9.16
JAVA	2016-07-20	9.17	9.18	9.13	9.17	5711300	9.17
JAVA	2016-07-17	9.15	9.18	9.12	9.17	17720400	9.17
JAVA	2016-07-16	9.18	9.19	9.12	9.14	22416700	9.14
JAVA	2016-07-15	9.18	9.21	9.17	9.21	6641700	9.21
JAVA	2016-07-14	9.13	9.21	9.09	9.17	22451300	9.17
JAVA	2016-07-13	9.17	9.18	9.12	9.16	12639100	9.16
JAVA	2016-07-10	9.20	9.22	9.11	9.17	24308000	9.17
JAVA	2016-07-09	9.21	9.23	9.19	9.20	7311100	9.20
JAVA	2016-07-08	9.20	9.22	9.19	9.20	9557700	9.20
JAVA	2016-07-07	9.21	9.23	9.19	9.20	9821400	9.20
JAVA	2016-07-06	9.19	9.24	9.18	9.24	15421200	9.24
JAVA	2016-07-02	9.20	9.22	9.18	9.21	11028400	9.21
JAVA	2016-07-01	9.23	9.24	9.19	9.22	6678200	9.22
JAVA	2016-06-30	9.18	9.24	9.18	9.22	16094900	9.22
JAVA	2016-06-29	9.15	9.21	9.15	9.18	31963600	9.18
JAVA	2016-06-26	9.19	9.19	8.95	9.01	63950500	9.01
JAVA	2016-06-25	9.18	9.20	9.17	9.20	8196000	9.20
JAVA	2016-06-24	9.17	9.20	9.17	9.18	4259700	9.18
JAVA	2016-06-23	9.15	9.18	9.15	9.17	4378300	9.17
JAVA	2016-06-22	9.15	9.19	9.11	9.14	15526700	9.14
JAVA	2016-06-19	9.25	9.28	9.16	9.17	24305300	9.17
JAVA	2016-06-18	9.28	9.30	9.23	9.26	10159900	9.26
JAVA	2016-06-17	9.27	9.30	9.26	9.30	6043500	9.30
JAVA	2016-06-16	9.27	9.28	9.26	9.26	4398900	9.26
JAVA	2016-06-15	9.27	9.28	9.26	9.28	6305600	9.28
JAVA	2016-06-12	9.26	9.30	9.24	9.30	5700200	9.30
JAVA	2016-06-11	9.26	9.29	9.25	9.26	7044100	9.26
JAVA	2016-06-10	9.25	9.28	9.24	9.26	5136000	9.26
JAVA	2016-06-09	9.22	9.25	9.21	9.24	5615800	9.24
JAVA	2016-06-08	9.16	9.25	9.16	9.21	8444800	9.21
JAVA	2016-06-05	9.16	9.21	9.10	9.17	9326300	9.17
JAVA	2016-06-04	9.13	9.22	8.85	9.14	13038100	9.14
JAVA	2016-06-03	9.14	9.16	9.11	9.15	16488000	9.15
JAVA	2016-06-02	9.10	9.19	9.10	9.13	16754100	9.13
JAVA	2016-06-01	9.04	9.10	9.04	9.09	14577300	9.09
JAVA	2016-05-29	9.06	9.08	8.99	9.00	25845800	9.00
JAVA	2016-05-28	9.06	9.10	9.04	9.06	10460700	9.06
JAVA	2016-05-27	9.06	9.08	9.03	9.06	9548400	9.06
JAVA	2016-05-26	8.98	9.10	8.98	9.10	11758300	9.10
JAVA	2016-05-22	9.01	9.05	8.99	9.00	10287300	9.00
JAVA	2016-05-21	8.98	9.03	8.97	9.02	7778600	9.02
JAVA	2016-05-20	8.97	9.03	8.97	8.98	10573400	8.98
JAVA	2016-05-19	8.97	8.99	8.95	8.97	6771700	8.97
JAVA	2016-05-18	8.98	8.99	8.95	8.99	9345700	8.99
JAVA	2016-05-15	8.97	9.00	8.95	9.00	11481200	9.00
JAVA	2016-05-14	8.96	9.00	8.95	9.00	10435700	9.00
JAVA	2016-05-13	8.96	9.00	8.95	8.95	10237400	8.95
JAVA	2016-05-12	9.00	9.02	8.91	9.00	17382800	9.00
JAVA	2016-05-11	9.05	9.10	8.90	8.91	49422700	8.91
JAVA	2016-05-08	8.72	9.15	8.72	9.13	76354400	9.13
JAVA	2016-05-07	9.12	9.13	9.08	9.10	28966700	9.10
JAVA	2016-05-06	9.13	9.14	9.10	9.11	19585900	9.11
JAVA	2016-05-05	9.15	9.15	9.11	9.11	12345400	9.11
JAVA	2016-05-04	9.15	9.16	9.12	9.13	15655900	9.13
JAVA	2016-05-01	9.15	9.16	9.13	9.16	14931000	9.16
JAVA	2016-04-30	9.15	9.16	9.13	9.16	28031100	9.16
JAVA	2016-04-29	9.16	9.16	9.13	9.15	22976500	9.15
JAVA	2016-04-28	9.16	9.18	9.11	9.16	22092400	9.16
JAVA	2016-04-27	9.20	9.21	9.15	9.15	25611300	9.15
JAVA	2016-04-24	9.21	9.36	9.19	9.20	45821400	9.20
JAVA	2016-04-23	9.19	9.23	9.18	9.21	60549100	9.21
JAVA	2016-04-22	9.20	9.21	9.15	9.15	79370200	9.15
JAVA	2016-04-21	9.17	9.25	9.15	9.21	69194800	9.21
JAVA	2016-04-20	9.09	9.23	9.06	9.15	780392900	9.15
JAVA	2016-04-17	6.36	6.70	5.98	6.69	23300400	6.69
JAVA	2016-04-16	6.72	6.80	5.93	6.40	45647400	6.40
JAVA	2016-04-15	6.12	6.18	5.95	6.13	17988800	6.13
JAVA	2016-04-14	6.32	6.45	6.15	6.23	13282800	6.23
JAVA	2016-04-13	6.50	6.56	6.36	6.42	15404700	6.42
JAVA	2016-04-09	6.68	6.69	6.40	6.68	24921400	6.68
JAVA	2016-04-08	6.38	6.75	6.30	6.66	36725000	6.66
JAVA	2016-04-07	6.29	6.43	6.05	6.28	48372100	6.28
JAVA	2016-04-06	6.45	6.72	6.36	6.56	92742100	6.56
JAVA	2016-04-03	8.39	8.55	8.30	8.49	37634800	8.49
JAVA	2016-04-02	7.99	8.50	7.98	8.21	57595000	8.21
JAVA	2016-04-01	7.28	8.08	7.23	8.00	32439900	8.00
JAVA	2016-03-31	7.36	7.52	6.57	7.32	34523700	7.32
JAVA	2016-03-30	7.67	7.75	6.82	7.24	27579600	7.24
JAVA	2016-03-27	8.07	8.10	7.76	7.83	18571900	7.83
JAVA	2016-03-26	8.00	8.23	7.86	8.20	18067700	8.20
JAVA	2016-03-25	8.05	8.17	7.70	7.85	17706500	7.85
JAVA	2016-03-24	7.79	8.18	7.65	8.06	20240800	8.06
JAVA	2016-03-23	8.25	8.31	7.25	7.94	49318400	7.94
JAVA	2016-03-20	8.58	8.75	7.94	8.10	41355500	8.10
JAVA	2016-03-19	8.62	8.94	8.42	8.63	37961000	8.63
JAVA	2016-03-18	8.36	9.27	7.02	8.89	162227600	8.89
JAVA	2016-03-17	4.82	4.97	4.59	4.97	9583100	4.97
JAVA	2016-03-16	4.78	4.88	4.61	4.70	10336800	4.70
JAVA	2016-03-13	4.67	4.80	4.56	4.78	9157900	4.78
JAVA	2016-03-12	4.55	4.67	4.42	4.67	9671600	4.67
JAVA	2016-03-11	4.28	4.62	4.15	4.56	10689300	4.56
JAVA	2016-03-10	3.94	4.20	3.90	4.20	13816800	4.20
JAVA	2016-03-09	3.85	4.07	3.83	3.84	14564400	3.84
JAVA	2016-03-06	4.30	4.38	3.88	3.95	16621900	3.95
JAVA	2016-03-05	4.53	4.56	4.16	4.19	13031300	4.19
JAVA	2016-03-04	4.65	4.96	4.50	4.61	19039900	4.61
JAVA	2016-03-03	4.39	4.67	4.31	4.51	13520000	4.51
JAVA	2016-03-02	4.62	4.70	4.39	4.39	10077100	4.39
JAVA	2016-02-27	4.71	4.91	4.55	4.68	21164800	4.68
JAVA	2016-02-26	4.87	5.00	4.70	4.77	12040400	4.77
JAVA	2016-02-25	4.89	4.98	4.67	4.86	15927800	4.86
JAVA	2016-02-24	4.63	4.98	4.55	4.94	17133100	4.94
JAVA	2016-02-23	4.83	4.95	4.56	4.58	13059900	4.58
JAVA	2016-02-20	4.70	4.88	4.63	4.84	11480400	4.84
JAVA	2016-02-19	5.03	5.20	4.66	4.72	12436500	4.72
JAVA	2016-02-18	5.16	5.26	5.02	5.03	10505200	5.03
JAVA	2016-02-17	4.96	5.11	4.90	5.00	11455100	5.00
JAVA	2016-02-13	5.09	5.23	4.95	5.14	15314900	5.14
JAVA	2016-02-12	5.08	5.42	5.00	5.35	9590500	5.35
JAVA	2016-02-11	5.23	5.29	5.02	5.22	8884500	5.22
JAVA	2016-02-10	5.72	5.76	5.02	5.10	16750500	5.10
JAVA	2016-02-09	5.59	5.85	5.55	5.76	16268500	5.76
JAVA	2016-02-06	5.48	5.76	5.45	5.73	17871400	5.73
JAVA	2016-02-05	4.84	5.68	4.78	5.48	21589000	5.48
JAVA	2016-02-04	4.69	5.02	4.68	4.97	23185400	4.97
JAVA	2016-02-03	4.47	4.69	4.35	4.66	14194700	4.66
JAVA	2016-02-02	4.08	4.47	4.07	4.47	14095700	4.47
JAVA	2016-01-30	4.50	4.61	4.11	4.16	13835700	4.16
JAVA	2016-01-29	4.64	4.87	4.44	4.46	17043900	4.46
JAVA	2016-01-28	4.32	5.00	4.21	4.86	19380000	4.86
JAVA	2016-01-27	3.84	4.04	3.74	3.99	10189000	3.99
JAVA	2016-01-26	3.66	3.86	3.62	3.78	6846300	3.78
JAVA	2016-01-23	3.50	3.73	3.45	3.70	7914700	3.70
JAVA	2016-01-22	3.54	3.67	3.54	3.62	8288100	3.62
JAVA	2016-01-21	3.60	3.75	3.54	3.75	10243700	3.75
JAVA	2016-01-20	4.05	4.05	3.49	3.51	8533400	3.51
JAVA	2016-01-16	4.09	4.12	3.81	3.97	7970500	3.97
JAVA	2016-01-15	3.87	4.06	3.71	3.96	13100200	3.96
JAVA	2016-01-14	4.09	4.14	3.74	3.91	12832700	3.91
JAVA	2016-01-13	4.50	4.56	4.06	4.19	10882700	4.19
JAVA	2016-01-12	4.67	4.68	4.42	4.50	6395600	4.50
JAVA	2016-01-09	4.69	4.70	4.43	4.66	7970500	4.66
JAVA	2016-01-08	4.88	4.91	4.44	4.67	18775400	4.67
JAVA	2016-01-07	4.89	5.22	4.89	5.09	13283300	5.09
JAVA	2016-01-06	4.44	5.20	4.41	4.97	17601000	4.97
JAVA	2016-01-05	4.18	4.53	4.13	4.47	7518900	4.47
JAVA	2016-01-02	3.82	4.25	3.82	4.22	6070600	4.22
MAYS	2016-12-31	13.58	13.60	13.50	13.50	900	13.50
MAYS	2016-12-30	13.75	13.75	13.75	13.75	0	13.75
MAYS	2016-12-29	13.75	13.75	13.75	13.75	0	13.75
MAYS	2016-12-28	14.05	14.05	13.75	13.75	400	13.75
MAYS	2016-12-24	14.50	14.50	14.50	14.50	0	14.50
MAYS	2016-12-23	14.61	14.61	14.50	14.50	700	14.50
MAYS	2016-12-22	15.00	15.00	15.00	15.00	0	15.00
MAYS	2016-12-21	15.00	15.00	15.00	15.00	0	15.00
MAYS	2016-12-18	15.00	15.00	15.00	15.00	0	15.00
MAYS	2016-12-17	15.00	15.00	15.00	15.00	0	15.00
MAYS	2016-12-16	15.00	15.00	15.00	15.00	1500	15.00
MAYS	2016-12-15	15.00	15.00	15.00	15.00	0	15.00
MAYS	2016-12-14	15.02	16.50	15.00	15.00	2200	15.00
MAYS	2016-12-11	15.08	15.17	15.01	15.01	2000	15.01
MAYS	2016-12-10	16.90	16.90	16.90	16.90	0	16.90
MAYS	2016-12-09	17.45	17.48	16.90	16.90	400	16.90
MAYS	2016-12-08	17.00	17.20	15.75	16.45	3100	16.45
MAYS	2016-12-07	13.85	21.28	12.89	21.28	5400	21.28
MAYS	2016-12-04	12.69	12.69	12.69	12.69	0	12.69
MAYS	2016-12-03	12.69	12.69	12.69	12.69	100	12.69
MAYS	2016-12-02	14.94	14.94	14.94	14.94	0	14.94
MAYS	2016-12-01	14.94	14.94	14.94	14.94	0	14.94
MAYS	2016-11-30	14.94	14.94	14.94	14.94	0	14.94
MAYS	2016-11-27	14.94	14.94	14.94	14.94	0	14.94
MAYS	2016-11-25	14.94	14.94	14.94	14.94	0	14.94
MAYS	2016-11-24	14.94	14.94	14.94	14.94	0	14.94
MAYS	2016-11-23	12.51	14.94	12.50	14.94	500	14.94
MAYS	2016-11-20	14.97	14.97	14.97	14.97	0	14.97
MAYS	2016-11-19	14.79	14.97	14.79	14.97	1100	14.97
MAYS	2016-11-18	14.87	14.87	14.87	14.87	0	14.87
MAYS	2016-11-17	14.87	14.87	14.87	14.87	0	14.87
MAYS	2016-11-16	14.87	14.87	14.87	14.87	200	14.87
MAYS	2016-11-13	13.49	14.97	13.49	14.97	1600	14.97
MAYS	2016-11-12	13.20	13.20	13.20	13.20	2700	13.20
MAYS	2016-11-11	13.20	14.26	13.20	14.12	2900	14.12
MAYS	2016-11-10	13.20	13.24	13.20	13.24	3600	13.24
MAYS	2016-11-09	13.20	13.20	13.20	13.20	0	13.20
MAYS	2016-11-06	13.20	13.20	13.20	13.20	0	13.20
MAYS	2016-11-05	13.19	13.20	13.19	13.20	800	13.20
MAYS	2016-11-04	13.55	13.55	13.55	13.55	0	13.55
MAYS	2016-11-03	13.55	13.55	13.55	13.55	0	13.55
MAYS	2016-11-02	13.55	13.55	13.55	13.55	0	13.55
MAYS	2016-10-30	13.55	13.55	13.55	13.55	0	13.55
MAYS	2016-10-29	13.55	13.55	13.55	13.55	0	13.55
MAYS	2016-10-28	13.55	13.55	13.55	13.55	0	13.55
MAYS	2016-10-27	13.56	13.56	13.54	13.55	1300	13.55
MAYS	2016-10-26	13.55	13.55	13.55	13.55	0	13.55
MAYS	2016-10-23	13.55	13.55	13.55	13.55	0	13.55
MAYS	2016-10-22	13.55	13.55	13.52	13.55	1100	13.55
MAYS	2016-10-21	13.70	13.70	13.70	13.70	0	13.70
MAYS	2016-10-20	13.75	14.00	13.70	13.70	2300	13.70
MAYS	2016-10-19	13.79	13.80	13.51	13.75	3100	13.75
MAYS	2016-10-16	13.75	13.75	13.75	13.75	0	13.75
MAYS	2016-10-15	13.75	13.75	13.75	13.75	0	13.75
MAYS	2016-10-14	13.75	13.75	13.75	13.75	0	13.75
MAYS	2016-10-13	13.75	13.75	13.75	13.75	0	13.75
MAYS	2016-10-12	13.75	13.75	13.75	13.75	0	13.75
MAYS	2016-10-09	13.74	13.75	13.74	13.75	2000	13.75
MAYS	2016-10-08	13.50	13.50	13.50	13.50	0	13.50
MAYS	2016-10-07	13.50	13.50	13.50	13.50	0	13.50
MAYS	2016-10-06	13.50	13.50	13.50	13.50	0	13.50
MAYS	2016-10-05	13.50	13.50	13.50	13.50	0	13.50
MAYS	2016-10-02	13.50	13.50	13.50	13.50	200	13.50
MAYS	2016-10-01	13.51	13.51	13.51	13.51	0	13.51
MAYS	2016-09-30	13.51	13.51	13.51	13.51	0	13.51
MAYS	2016-09-29	13.51	13.51	13.51	13.51	0	13.51
MAYS	2016-09-28	13.51	13.51	13.51	13.51	0	13.51
MAYS	2016-09-25	14.05	14.05	13.51	13.51	700	13.51
MAYS	2016-09-24	14.09	14.16	14.05	14.05	1500	14.05
MAYS	2016-09-23	15.60	15.60	15.60	15.60	0	15.60
MAYS	2016-09-22	15.60	15.60	15.60	15.60	0	15.60
MAYS	2016-09-21	15.60	15.60	15.60	15.60	500	15.60
MAYS	2016-09-18	15.60	15.60	15.60	15.60	0	15.60
MAYS	2016-09-17	15.60	15.60	15.60	15.60	300	15.60
MAYS	2016-09-16	15.60	15.60	15.60	15.60	500	15.60
MAYS	2016-09-15	14.94	15.60	14.94	15.60	1300	15.60
MAYS	2016-09-14	14.90	15.00	14.90	15.00	800	15.00
MAYS	2016-09-11	14.92	14.99	14.31	14.31	500	14.31
MAYS	2016-09-10	13.51	13.51	13.51	13.51	0	13.51
MAYS	2016-09-09	13.51	13.51	13.51	13.51	0	13.51
MAYS	2016-09-08	13.51	13.51	13.51	13.51	0	13.51
MAYS	2016-09-04	13.51	13.51	13.51	13.51	0	13.51
MAYS	2016-09-03	13.51	13.51	13.51	13.51	0	13.51
MAYS	2016-09-02	13.51	13.51	13.51	13.51	0	13.51
MAYS	2016-09-01	13.51	13.51	13.51	13.51	0	13.51
MAYS	2016-08-31	13.51	13.51	13.51	13.51	0	13.51
MAYS	2016-08-28	13.51	13.51	13.51	13.51	0	13.51
MAYS	2016-08-27	13.54	13.54	13.51	13.51	800	13.51
MAYS	2016-08-26	13.55	13.55	13.50	13.50	300	13.50
MAYS	2016-08-25	13.66	13.66	13.66	13.66	0	13.66
MAYS	2016-08-24	14.94	14.99	13.55	13.66	7300	13.66
MAYS	2016-08-21	14.99	14.99	12.64	13.50	1000	13.50
MAYS	2016-08-20	15.47	15.47	15.47	15.47	0	15.47
MAYS	2016-08-19	15.47	15.47	15.47	15.47	200	15.47
MAYS	2016-08-18	14.10	14.10	14.10	14.10	0	14.10
MAYS	2016-08-17	14.10	14.13	14.10	14.10	900	14.10
MAYS	2016-08-14	14.50	14.50	14.50	14.50	0	14.50
MAYS	2016-08-13	14.50	14.50	14.50	14.50	0	14.50
MAYS	2016-08-12	14.56	14.56	14.50	14.50	1000	14.50
MAYS	2016-08-11	14.51	14.51	14.51	14.51	0	14.51
MAYS	2016-08-10	14.51	14.51	14.51	14.51	0	14.51
MAYS	2016-08-07	14.55	14.55	14.51	14.51	400	14.51
MAYS	2016-08-06	15.75	15.75	15.75	15.75	0	15.75
MAYS	2016-08-05	15.75	15.75	15.75	15.75	0	15.75
MAYS	2016-08-04	15.00	15.75	15.00	15.75	500	15.75
MAYS	2016-08-03	14.25	15.91	14.20	15.91	700	15.91
MAYS	2016-07-31	15.00	15.00	15.00	15.00	100	15.00
MAYS	2016-07-30	15.00	15.00	15.00	15.00	100	15.00
MAYS	2016-07-29	14.92	14.92	14.92	14.92	0	14.92
MAYS	2016-07-28	14.15	14.97	14.15	14.92	800	14.92
MAYS	2016-07-27	15.75	15.75	14.10	14.14	800	14.14
MAYS	2016-07-24	14.30	15.87	14.30	15.87	1200	15.87
MAYS	2016-07-23	14.19	14.60	14.05	14.60	1100	14.60
MAYS	2016-07-22	14.50	15.50	14.19	15.50	1300	15.50
MAYS	2016-07-21	16.00	16.00	15.01	15.18	700	15.18
MAYS	2016-07-20	14.90	16.00	14.90	16.00	500	16.00
MAYS	2016-07-17	13.86	14.61	13.86	14.61	900	14.61
MAYS	2016-07-16	13.61	13.61	13.61	13.61	100	13.61
MAYS	2016-07-15	13.11	14.00	13.11	13.50	1400	13.50
MAYS	2016-07-14	12.50	12.86	12.50	12.86	400	12.86
MAYS	2016-07-13	11.58	12.50	11.58	12.50	3000	12.50
MAYS	2016-07-10	10.25	11.20	10.25	11.20	900	11.20
MAYS	2016-07-09	10.55	10.70	10.55	10.70	1100	10.70
MAYS	2016-07-08	10.15	10.49	10.15	10.49	2100	10.49
MAYS	2016-07-07	9.70	9.70	9.70	9.70	200	9.70
MAYS	2016-07-06	8.90	9.60	8.90	9.60	2300	9.60
MAYS	2016-07-02	8.90	8.90	8.90	8.90	0	8.90
MAYS	2016-07-01	8.90	8.90	8.90	8.90	0	8.90
MAYS	2016-06-30	9.00	9.00	8.90	8.90	700	8.90
MAYS	2016-06-29	8.25	9.17	8.25	9.17	2400	9.17
MAYS	2016-06-26	8.30	8.30	8.30	8.30	0	8.30
MAYS	2016-06-25	8.30	8.30	8.30	8.30	0	8.30
MAYS	2016-06-24	8.30	8.30	8.30	8.30	0	8.30
MAYS	2016-06-23	8.30	8.30	8.30	8.30	0	8.30
MAYS	2016-06-22	8.05	8.30	8.05	8.30	700	8.30
MAYS	2016-06-19	8.05	8.05	8.05	8.05	0	8.05
MAYS	2016-06-18	8.05	8.05	8.05	8.05	0	8.05
MAYS	2016-06-17	8.08	8.08	8.05	8.05	300	8.05
MAYS	2016-06-16	8.05	8.05	8.05	8.05	0	8.05
MAYS	2016-06-15	7.65	8.05	7.65	8.05	200	8.05
MAYS	2016-06-12	7.25	7.57	7.25	7.57	700	7.57
MAYS	2016-06-11	6.65	7.15	6.55	7.15	1300	7.15
MAYS	2016-06-10	6.65	6.65	6.65	6.65	0	6.65
MAYS	2016-06-09	6.65	6.65	6.65	6.65	0	6.65
MAYS	2016-06-08	6.65	6.65	6.65	6.65	0	6.65
MAYS	2016-06-05	6.65	6.65	6.65	6.65	0	6.65
MAYS	2016-06-04	6.65	6.65	6.65	6.65	0	6.65
MAYS	2016-06-03	6.65	6.65	6.65	6.65	0	6.65
MAYS	2016-06-02	6.65	6.65	6.65	6.65	0	6.65
MAYS	2016-06-01	6.65	6.65	6.65	6.65	0	6.65
MAYS	2016-05-29	6.65	6.65	6.65	6.65	0	6.65
MAYS	2016-05-28	6.65	6.65	6.65	6.65	0	6.65
MAYS	2016-05-27	6.65	6.65	6.65	6.65	0	6.65
MAYS	2016-05-26	6.65	6.65	6.65	6.65	0	6.65
MAYS	2016-05-22	6.65	6.65	6.65	6.65	100	6.65
MAYS	2016-05-21	6.65	6.65	6.65	6.65	0	6.65
MAYS	2016-05-20	6.65	6.65	6.65	6.65	0	6.65
MAYS	2016-05-19	6.65	6.65	6.65	6.65	0	6.65
MAYS	2016-05-18	6.65	6.65	6.65	6.65	0	6.65
MAYS	2016-05-15	6.65	6.65	6.65	6.65	0	6.65
MAYS	2016-05-14	6.65	6.65	6.65	6.65	0	6.65
MAYS	2016-05-13	6.65	6.65	6.65	6.65	0	6.65
MAYS	2016-05-12	6.65	6.65	6.65	6.65	0	6.65
MAYS	2016-05-11	6.65	6.65	6.65	6.65	100	6.65
MAYS	2016-05-08	6.65	6.65	6.65	6.65	100	6.65
MAYS	2016-05-07	5.77	6.55	5.77	6.55	200	6.55
MAYS	2016-05-06	6.65	6.65	6.65	6.65	0	6.65
MAYS	2016-05-05	6.65	6.65	6.65	6.65	100	6.65
MAYS	2016-05-04	5.60	5.60	5.60	5.60	0	5.60
MAYS	2016-05-01	5.60	5.60	5.60	5.60	0	5.60
MAYS	2016-04-30	5.60	5.60	5.60	5.60	0	5.60
MAYS	2016-04-29	5.60	5.60	5.60	5.60	0	5.60
MAYS	2016-04-28	5.60	5.60	5.60	5.60	0	5.60
MAYS	2016-04-27	5.60	5.60	5.60	5.60	0	5.60
MAYS	2016-04-24	5.60	5.60	5.60	5.60	0	5.60
MAYS	2016-04-23	5.60	5.60	5.60	5.60	0	5.60
MAYS	2016-04-22	6.00	6.00	5.60	5.60	700	5.60
MAYS	2016-04-21	6.54	6.56	4.86	5.60	1600	5.60
MAYS	2016-04-20	5.82	5.82	5.82	5.82	0	5.82
MAYS	2016-04-17	5.72	5.84	5.70	5.82	1900	5.82
MAYS	2016-04-16	5.61	5.61	5.61	5.61	100	5.61
MAYS	2016-04-15	5.02	5.02	5.02	5.02	0	5.02
MAYS	2016-04-14	5.02	5.02	5.02	5.02	0	5.02
MAYS	2016-04-13	5.02	5.02	5.02	5.02	600	5.02
MAYS	2016-04-09	5.02	5.02	5.02	5.02	100	5.02
MAYS	2016-04-08	5.02	5.02	5.02	5.02	300	5.02
MAYS	2016-04-07	5.02	5.02	5.02	5.02	0	5.02
MAYS	2016-04-06	5.02	5.02	5.02	5.02	0	5.02
MAYS	2016-04-03	5.02	5.02	5.02	5.02	200	5.02
MAYS	2016-04-02	5.13	5.13	5.13	5.13	0	5.13
MAYS	2016-04-01	5.13	5.13	5.13	5.13	0	5.13
MAYS	2016-03-31	5.13	5.13	5.13	5.13	0	5.13
MAYS	2016-03-30	5.13	5.13	5.13	5.13	0	5.13
MAYS	2016-03-27	5.13	5.13	5.13	5.13	0	5.13
MAYS	2016-03-26	5.13	5.13	5.13	5.13	0	5.13
MAYS	2016-03-25	5.13	5.13	5.13	5.13	0	5.13
MAYS	2016-03-24	5.13	5.13	5.13	5.13	0	5.13
MAYS	2016-03-23	5.13	5.13	5.13	5.13	0	5.13
MAYS	2016-03-20	5.13	5.13	5.13	5.13	0	5.13
MAYS	2016-03-19	5.13	5.13	5.13	5.13	0	5.13
MAYS	2016-03-18	5.11	5.13	5.11	5.13	200	5.13
MAYS	2016-03-17	4.94	4.94	4.94	4.94	0	4.94
MAYS	2016-03-16	4.94	4.94	4.94	4.94	0	4.94
MAYS	2016-03-13	4.94	4.94	4.94	4.94	0	4.94
MAYS	2016-03-12	4.94	4.94	4.94	4.94	200	4.94
MAYS	2016-03-11	4.20	4.20	4.20	4.20	0	4.20
MAYS	2016-03-10	4.20	4.20	4.20	4.20	0	4.20
MAYS	2016-03-09	4.20	4.20	4.20	4.20	0	4.20
MAYS	2016-03-06	4.20	4.20	4.20	4.20	0	4.20
MAYS	2016-03-05	4.20	4.20	4.20	4.20	400	4.20
MAYS	2016-03-04	4.38	4.38	4.38	4.38	100	4.38
MAYS	2016-03-03	4.97	4.97	4.97	4.97	0	4.97
MAYS	2016-03-02	4.97	4.97	4.97	4.97	0	4.97
MAYS	2016-02-27	4.97	4.97	4.97	4.97	0	4.97
MAYS	2016-02-26	4.71	5.01	4.50	4.97	1400	4.97
MAYS	2016-02-25	4.27	4.27	4.27	4.27	0	4.27
MAYS	2016-02-24	4.27	4.27	4.27	4.27	0	4.27
MAYS	2016-02-23	4.27	4.27	4.27	4.27	0	4.27
MAYS	2016-02-20	4.27	4.27	4.27	4.27	100	4.27
MAYS	2016-02-19	4.84	4.84	4.84	4.84	0	4.84
MAYS	2016-02-18	4.84	4.84	4.84	4.84	0	4.84
MAYS	2016-02-17	4.89	4.89	4.84	4.84	400	4.84
MAYS	2016-02-13	5.62	5.62	4.60	4.60	14200	4.60
MAYS	2016-02-12	5.75	5.75	5.75	5.75	0	5.75
MAYS	2016-02-11	5.75	5.75	5.75	5.75	0	5.75
MAYS	2016-02-10	5.75	5.75	5.75	5.75	0	5.75
MAYS	2016-02-09	5.75	5.75	5.75	5.75	0	5.75
MAYS	2016-02-06	5.75	5.75	5.75	5.75	0	5.75
MAYS	2016-02-05	5.75	5.75	5.75	5.75	0	5.75
MAYS	2016-02-04	5.75	5.75	5.75	5.75	0	5.75
MAYS	2016-02-03	5.75	5.75	5.75	5.75	500	5.75
MAYS	2016-02-02	5.96	5.96	5.96	5.96	0	5.96
MAYS	2016-01-30	5.63	6.38	5.63	5.96	600	5.96
MAYS	2016-01-29	5.66	5.75	5.66	5.75	200	5.75
MAYS	2016-01-28	6.28	6.28	5.27	5.27	600	5.27
MAYS	2016-01-27	6.55	6.55	6.55	6.55	0	6.55
MAYS	2016-01-26	6.40	6.70	6.40	6.55	900	6.55
MAYS	2016-01-23	6.28	6.28	6.28	6.28	100	6.28
MAYS	2016-01-22	6.40	6.40	6.40	6.40	100	6.40
MAYS	2016-01-21	6.25	6.25	6.25	6.25	0	6.25
MAYS	2016-01-20	6.25	6.25	6.25	6.25	0	6.25
MAYS	2016-01-16	6.25	6.25	6.25	6.25	1500	6.25
MAYS	2016-01-15	6.32	6.34	6.32	6.32	1000	6.32
MAYS	2016-01-14	6.11	6.11	5.44	5.60	1900	5.60
MAYS	2016-01-13	5.65	6.40	5.40	6.40	1300	6.40
MAYS	2016-01-12	5.31	5.31	5.31	5.31	0	5.31
MAYS	2016-01-09	5.26	6.05	5.26	5.31	3300	5.31
MAYS	2016-01-08	4.82	6.39	4.45	5.56	19600	5.56
MAYS	2016-01-07	4.73	4.74	4.73	4.74	1000	4.74
MAYS	2016-01-06	4.50	4.50	4.50	4.50	0	4.50
MAYS	2016-01-05	4.50	4.50	4.50	4.50	0	4.50
MAYS	2016-01-02	4.50	4.50	4.50	4.50	0	4.50
MDVN	2016-12-31	38.30	38.52	37.65	37.65	449000	37.65
MDVN	2016-12-30	38.48	38.75	38.02	38.20	833400	38.20
MDVN	2016-12-29	38.96	39.03	38.11	38.54	231700	38.54
MDVN	2016-12-28	39.09	39.66	38.72	38.97	311500	38.97
MDVN	2016-12-24	38.53	39.20	38.33	38.94	280000	38.94
MDVN	2016-12-23	37.71	38.50	37.71	38.28	523000	38.28
MDVN	2016-12-22	36.71	37.80	36.38	37.65	387000	37.65
MDVN	2016-12-21	35.90	36.81	35.35	36.69	498700	36.69
MDVN	2016-12-18	35.49	36.00	35.32	35.59	1403700	35.59
MDVN	2016-12-17	35.28	35.81	35.00	35.13	458700	35.13
MDVN	2016-12-16	34.84	35.72	34.77	35.55	393700	35.55
MDVN	2016-12-15	34.88	35.10	34.40	34.56	362600	34.56
MDVN	2016-12-14	34.70	35.08	34.25	35.07	350300	35.07
MDVN	2016-12-11	34.88	35.24	34.32	34.41	471200	34.41
MDVN	2016-12-10	33.63	34.75	33.63	34.71	430100	34.71
MDVN	2016-12-09	33.17	33.61	32.89	33.50	475700	33.50
MDVN	2016-12-08	33.35	33.70	33.08	33.25	525700	33.25
MDVN	2016-12-07	33.34	33.55	33.10	33.30	383700	33.30
MDVN	2016-12-04	34.28	34.32	33.15	33.31	494400	33.31
MDVN	2016-12-03	33.55	35.00	33.48	33.77	1038300	33.77
MDVN	2016-12-02	32.45	33.65	32.22	33.42	1075800	33.42
MDVN	2016-12-01	31.04	32.36	30.72	32.33	887200	32.33
MDVN	2016-11-30	30.34	31.33	30.15	30.70	786700	30.70
MDVN	2016-11-27	30.22	31.00	30.05	30.49	162900	30.49
MDVN	2016-11-25	30.02	31.10	30.02	31.00	720300	31.00
MDVN	2016-11-24	29.69	30.40	29.39	30.01	890900	30.01
MDVN	2016-11-23	29.35	29.76	29.23	29.74	354600	29.74
MDVN	2016-11-20	28.61	29.25	28.60	29.22	595800	29.22
MDVN	2016-11-19	28.21	28.77	27.82	28.63	530200	28.63
MDVN	2016-11-18	28.41	28.50	28.18	28.43	235200	28.43
MDVN	2016-11-17	27.82	28.71	27.51	28.32	201900	28.32
MDVN	2016-11-16	28.20	28.25	27.80	28.00	211700	28.00
MDVN	2016-11-13	27.93	28.03	27.62	28.03	223200	28.03
MDVN	2016-11-12	28.41	28.51	27.83	27.90	250900	27.90
MDVN	2016-11-11	28.95	29.00	27.84	28.55	460100	28.55
MDVN	2016-11-10	28.31	28.99	28.30	28.78	378600	28.78
MDVN	2016-11-09	28.45	28.60	28.20	28.36	339300	28.36
MDVN	2016-11-06	27.97	28.40	27.48	28.30	785900	28.30
MDVN	2016-11-05	27.08	27.89	26.82	27.52	689000	27.52
MDVN	2016-11-04	26.71	26.91	26.00	26.19	242300	26.19
MDVN	2016-11-03	25.91	26.72	25.89	26.61	357100	26.61
MDVN	2016-11-02	25.59	26.28	25.43	26.15	440200	26.15
MDVN	2016-10-30	25.23	26.00	25.20	25.52	447100	25.52
MDVN	2016-10-29	25.59	25.93	25.24	25.29	337000	25.29
MDVN	2016-10-28	25.00	26.05	24.83	25.10	810800	25.10
MDVN	2016-10-27	27.91	28.00	24.82	25.04	2683200	25.04
MDVN	2016-10-26	26.47	26.73	25.95	26.10	218800	26.10
MDVN	2016-10-23	26.63	26.89	26.25	26.37	201800	26.37
MDVN	2016-10-22	26.89	26.89	26.34	26.47	694400	26.47
MDVN	2016-10-21	26.89	27.07	26.44	26.60	305100	26.60
MDVN	2016-10-20	26.71	27.24	26.33	26.85	1339800	26.85
MDVN	2016-10-19	27.43	27.43	26.51	26.60	503200	26.60
MDVN	2016-10-16	28.06	28.20	27.38	27.43	189300	27.43
MDVN	2016-10-15	28.13	28.30	27.95	28.12	121400	28.12
MDVN	2016-10-14	28.27	28.38	27.72	28.23	221000	28.23
MDVN	2016-10-13	27.97	28.23	27.84	28.01	227800	28.01
MDVN	2016-10-12	27.70	28.32	27.62	28.03	211200	28.03
MDVN	2016-10-09	27.70	27.99	27.52	27.64	100300	27.64
MDVN	2016-10-08	27.80	28.36	27.50	27.63	403800	27.63
MDVN	2016-10-07	27.01	27.66	27.01	27.56	238700	27.56
MDVN	2016-10-06	26.95	27.34	26.58	27.12	113400	27.12
MDVN	2016-10-05	27.08	27.21	26.67	26.72	159800	26.72
MDVN	2016-10-02	26.50	27.08	26.50	26.88	109800	26.88
MDVN	2016-10-01	27.14	27.33	26.63	26.65	179900	26.65
MDVN	2016-09-30	27.78	27.82	26.87	27.14	187200	27.14
MDVN	2016-09-29	27.72	28.00	27.48	27.68	124100	27.68
MDVN	2016-09-28	26.94	27.97	26.94	27.73	148800	27.73
MDVN	2016-09-25	26.64	26.97	26.28	26.93	108500	26.93
MDVN	2016-09-24	27.12	27.30	26.18	26.80	124900	26.80
MDVN	2016-09-23	27.30	27.80	27.01	27.06	190400	27.06
MDVN	2016-09-22	27.40	27.40	26.96	27.16	120800	27.16
MDVN	2016-09-21	27.03	27.57	26.84	27.29	155500	27.29
MDVN	2016-09-18	26.92	27.43	26.92	27.15	937200	27.15
MDVN	2016-09-17	26.78	27.33	26.69	26.84	97300	26.84
MDVN	2016-09-16	25.89	27.05	25.65	26.90	253900	26.90
MDVN	2016-09-15	25.54	26.03	25.50	25.82	48400	25.82
MDVN	2016-09-14	25.55	25.94	25.23	25.67	130800	25.67
MDVN	2016-09-11	25.82	26.13	25.41	25.43	44000	25.43
MDVN	2016-09-10	25.80	26.37	25.57	25.71	133300	25.71
MDVN	2016-09-09	26.11	26.43	25.62	25.90	115600	25.90
MDVN	2016-09-08	25.80	26.09	25.37	26.09	92900	26.09
MDVN	2016-09-04	25.20	25.85	25.03	25.81	78100	25.81
MDVN	2016-09-03	25.15	25.33	24.88	25.31	99300	25.31
MDVN	2016-09-02	24.73	26.00	24.73	25.15	86100	25.15
MDVN	2016-09-01	25.11	25.85	24.35	25.04	642200	25.04
MDVN	2016-08-31	24.71	25.39	24.56	25.32	96600	25.32
MDVN	2016-08-28	25.31	25.31	24.67	24.96	118000	24.96
MDVN	2016-08-27	25.36	25.50	24.69	25.21	148000	25.21
MDVN	2016-08-26	25.32	25.70	25.16	25.20	126500	25.20
MDVN	2016-08-25	25.85	25.85	24.87	25.42	110600	25.42
MDVN	2016-08-24	25.91	25.91	25.45	25.70	85100	25.70
MDVN	2016-08-21	25.73	25.90	25.25	25.81	219100	25.81
MDVN	2016-08-20	25.02	25.50	24.77	25.50	174200	25.50
MDVN	2016-08-19	24.69	25.05	24.69	25.00	117900	25.00
MDVN	2016-08-18	24.54	25.08	24.17	24.69	90300	24.69
MDVN	2016-08-17	24.18	24.80	24.14	24.37	73500	24.37
MDVN	2016-08-14	24.80	25.03	24.44	24.52	85000	24.52
MDVN	2016-08-13	24.52	25.05	24.40	24.91	90100	24.91
MDVN	2016-08-12	23.88	24.82	23.64	24.46	111400	24.46
MDVN	2016-08-11	23.99	24.44	23.50	23.93	138900	23.93
MDVN	2016-08-10	24.28	24.72	23.98	24.19	88700	24.19
MDVN	2016-08-07	24.80	24.80	23.55	24.36	276700	24.36
MDVN	2016-08-06	25.05	25.05	23.84	24.55	304400	24.55
MDVN	2016-08-05	25.44	25.53	24.48	25.00	266300	25.00
MDVN	2016-08-04	25.20	25.47	24.93	25.33	88500	25.33
MDVN	2016-08-03	25.04	25.30	24.40	25.30	143700	25.30
MDVN	2016-07-31	24.68	25.17	24.37	24.75	192800	24.75
MDVN	2016-07-30	25.09	25.98	24.57	24.86	199500	24.86
MDVN	2016-07-29	24.30	25.43	23.74	24.85	356400	24.85
MDVN	2016-07-28	24.03	24.46	23.67	24.44	144000	24.44
MDVN	2016-07-27	24.08	24.13	23.59	24.10	148500	24.10
MDVN	2016-07-24	23.58	24.19	23.58	24.13	118400	24.13
MDVN	2016-07-23	23.32	24.60	23.32	23.75	435500	23.75
MDVN	2016-07-22	23.01	23.70	22.99	23.44	128800	23.44
MDVN	2016-07-21	22.84	23.08	22.17	23.05	222600	23.05
MDVN	2016-07-20	22.75	22.98	22.41	22.67	180200	22.67
MDVN	2016-07-17	22.73	22.73	22.41	22.64	216200	22.64
MDVN	2016-07-16	22.59	22.75	22.00	22.67	223400	22.67
MDVN	2016-07-15	22.85	22.85	21.18	22.50	711500	22.50
MDVN	2016-07-14	23.26	23.42	22.83	23.23	108600	23.23
MDVN	2016-07-13	23.24	23.49	22.59	23.20	135000	23.20
MDVN	2016-07-10	23.13	23.23	22.69	23.21	138000	23.21
MDVN	2016-07-09	23.45	23.92	23.15	23.16	103300	23.16
MDVN	2016-07-08	23.69	23.97	22.73	23.07	159300	23.07
MDVN	2016-07-07	24.09	24.09	23.53	23.66	121000	23.66
MDVN	2016-07-06	23.71	24.15	23.46	24.15	240700	24.15
MDVN	2016-07-02	23.57	23.95	23.29	23.74	242600	23.74
MDVN	2016-07-01	22.65	24.06	22.18	24.04	352000	24.04
MDVN	2016-06-30	22.41	22.62	21.86	22.41	229300	22.41
MDVN	2016-06-29	22.10	22.50	21.72	22.29	198400	22.29
MDVN	2016-06-26	21.56	22.11	21.34	22.10	882800	22.10
MDVN	2016-06-25	21.63	22.22	21.33	21.62	1077300	21.62
MDVN	2016-06-24	21.10	21.94	20.77	21.73	263300	21.73
MDVN	2016-06-23	21.01	21.24	20.68	20.90	253100	20.90
MDVN	2016-06-22	21.37	21.38	20.40	20.92	278600	20.92
MDVN	2016-06-19	21.06	21.74	20.86	21.31	248300	21.31
MDVN	2016-06-18	21.05	21.19	20.28	20.83	184200	20.83
MDVN	2016-06-17	20.68	21.50	20.47	21.14	186100	21.14
MDVN	2016-06-16	20.95	21.23	20.46	20.61	192300	20.61
MDVN	2016-06-15	21.18	21.18	20.08	20.66	236900	20.66
MDVN	2016-06-12	21.17	21.52	20.85	21.36	172300	21.36
MDVN	2016-06-11	21.00	21.80	20.94	21.13	201800	21.13
MDVN	2016-06-10	21.70	21.74	20.54	20.99	254600	20.99
MDVN	2016-06-09	21.91	21.98	21.28	21.45	177400	21.45
MDVN	2016-06-08	22.53	22.58	21.20	21.73	183600	21.73
MDVN	2016-06-05	22.72	22.89	22.11	22.39	157500	22.39
MDVN	2016-06-04	22.88	22.96	22.33	22.83	170700	22.83
MDVN	2016-06-03	22.67	22.90	22.01	22.68	226600	22.68
MDVN	2016-06-02	21.86	22.96	21.80	22.33	345300	22.33
MDVN	2016-06-01	22.51	22.75	21.16	21.64	454500	21.64
MDVN	2016-05-29	21.46	22.81	21.16	22.65	541400	22.65
MDVN	2016-05-28	21.65	22.34	20.60	21.48	2140300	21.48
MDVN	2016-05-27	23.50	24.00	22.43	22.55	573800	22.55
MDVN	2016-05-26	23.50	25.00	23.17	25.00	445900	25.00
MDVN	2016-05-22	21.79	24.37	21.79	23.69	947900	23.69
MDVN	2016-05-21	20.91	21.41	20.64	21.16	178600	21.16
MDVN	2016-05-20	20.82	21.87	20.62	21.10	178200	21.10
MDVN	2016-05-19	21.83	21.92	20.31	20.60	379400	20.60
MDVN	2016-05-18	21.50	22.00	21.10	21.71	312200	21.71
MDVN	2016-05-15	20.91	21.50	20.32	21.50	306900	21.50
MDVN	2016-05-14	20.17	21.00	19.82	20.62	150600	20.62
MDVN	2016-05-13	20.41	20.85	19.80	19.98	201600	19.98
MDVN	2016-05-12	20.18	20.94	20.11	20.77	277500	20.77
MDVN	2016-05-11	19.00	20.00	18.93	19.99	137900	19.99
MDVN	2016-05-08	19.26	19.79	18.53	19.40	130100	19.40
MDVN	2016-05-07	19.25	19.50	18.55	18.91	97000	18.91
MDVN	2016-05-06	19.87	20.05	18.21	18.98	182200	18.98
MDVN	2016-05-05	19.65	19.85	19.08	19.79	111700	19.79
MDVN	2016-05-04	19.12	19.75	18.60	19.71	309200	19.71
MDVN	2016-05-01	19.52	19.84	18.70	18.82	228900	18.82
MDVN	2016-04-30	21.00	21.01	19.26	19.33	260300	19.33
MDVN	2016-04-29	20.73	20.98	20.38	20.89	117900	20.89
MDVN	2016-04-28	20.17	20.95	20.17	20.66	204200	20.66
MDVN	2016-04-27	19.81	20.80	19.81	20.31	194400	20.31
MDVN	2016-04-24	18.81	20.50	18.73	20.27	254800	20.27
MDVN	2016-04-23	19.14	19.31	18.00	18.68	209100	18.68
MDVN	2016-04-22	18.00	19.45	18.00	19.26	271500	19.26
MDVN	2016-04-21	17.86	18.47	17.86	18.25	140900	18.25
MDVN	2016-04-20	18.09	18.66	17.50	17.88	134200	17.88
MDVN	2016-04-17	18.40	18.75	17.80	18.55	203300	18.55
MDVN	2016-04-16	18.93	19.10	18.10	18.30	134000	18.30
MDVN	2016-04-15	18.52	18.74	17.12	18.69	295400	18.69
MDVN	2016-04-14	20.10	20.31	18.19	18.42	327400	18.42
MDVN	2016-04-13	20.10	20.59	19.99	20.52	84300	20.52
MDVN	2016-04-09	19.80	20.55	19.53	20.41	201700	20.41
MDVN	2016-04-08	19.44	19.64	19.08	19.60	91300	19.60
MDVN	2016-04-07	19.50	20.02	19.02	19.31	185400	19.31
MDVN	2016-04-06	20.10	20.18	19.43	19.84	109500	19.84
MDVN	2016-04-03	20.10	20.39	19.42	20.27	135700	20.27
MDVN	2016-04-02	20.03	20.70	19.74	20.05	264500	20.05
MDVN	2016-04-01	18.02	20.09	17.42	19.87	533300	19.87
MDVN	2016-03-31	18.47	19.05	18.01	18.27	264400	18.27
MDVN	2016-03-30	17.93	18.65	17.22	18.19	280300	18.19
MDVN	2016-03-27	18.84	19.06	18.15	18.18	180300	18.18
MDVN	2016-03-26	18.76	19.31	18.60	19.12	218400	19.12
MDVN	2016-03-25	18.30	18.95	17.50	18.56	253200	18.56
MDVN	2016-03-24	17.75	18.35	17.69	17.95	180600	17.95
MDVN	2016-03-23	17.20	17.96	16.66	17.96	679900	17.96
MDVN	2016-03-20	17.60	17.60	16.25	16.30	363400	16.30
MDVN	2016-03-19	17.40	17.75	17.02	17.42	246600	17.42
MDVN	2016-03-18	16.37	17.38	15.85	17.24	312900	17.24
MDVN	2016-03-17	16.66	16.98	15.44	16.40	275100	16.40
MDVN	2016-03-16	17.43	17.50	16.40	16.63	142300	16.63
MDVN	2016-03-13	16.75	17.50	16.74	17.32	169800	17.32
MDVN	2016-03-12	15.03	17.14	14.87	17.00	294400	17.00
MDVN	2016-03-11	16.29	16.60	14.75	15.15	314000	15.15
MDVN	2016-03-10	14.72	16.25	14.50	16.23	281800	16.23
MDVN	2016-03-09	14.83	15.35	14.36	14.41	206600	14.41
MDVN	2016-03-06	14.65	15.36	14.65	15.28	248800	15.28
MDVN	2016-03-05	15.57	15.75	14.54	14.55	328000	14.55
MDVN	2016-03-04	14.34	16.04	14.07	15.79	421800	15.79
MDVN	2016-03-03	14.80	15.09	13.36	14.11	523200	14.11
MDVN	2016-03-02	17.24	17.24	14.44	14.54	661900	14.54
MDVN	2016-02-27	18.79	18.79	16.41	16.67	538100	16.67
MDVN	2016-02-26	20.00	20.49	18.85	18.99	597500	18.99
MDVN	2016-02-25	22.75	22.75	21.69	21.70	606500	21.70
MDVN	2016-02-24	21.68	22.98	21.68	22.91	248000	22.91
MDVN	2016-02-23	22.21	22.70	21.11	21.47	172600	21.47
MDVN	2016-02-20	21.85	22.73	21.80	22.05	247700	22.05
MDVN	2016-02-19	22.00	22.83	21.86	22.15	291500	22.15
MDVN	2016-02-18	22.57	22.57	21.48	21.83	363600	21.83
MDVN	2016-02-17	22.00	22.89	21.75	22.42	340300	22.42
MDVN	2016-02-13	21.58	23.43	21.34	22.72	508000	22.72
MDVN	2016-02-12	19.77	21.63	19.75	21.54	308300	21.54
MDVN	2016-02-11	20.14	20.46	19.84	19.99	70800	19.99
MDVN	2016-02-10	21.14	21.59	19.85	19.98	145100	19.98
MDVN	2016-02-09	21.09	21.37	20.45	21.21	130800	21.21
MDVN	2016-02-06	19.59	21.17	19.59	21.10	256300	21.10
MDVN	2016-02-05	19.16	19.91	19.10	19.67	137600	19.67
MDVN	2016-02-04	19.52	20.24	19.24	19.24	173000	19.24
MDVN	2016-02-03	18.90	19.70	18.84	19.57	163100	19.57
MDVN	2016-02-02	18.44	19.28	18.40	18.80	171500	18.80
MDVN	2016-01-30	18.76	19.11	18.00	18.75	138500	18.75
MDVN	2016-01-29	18.95	19.36	18.41	18.63	105600	18.63
MDVN	2016-01-28	19.71	19.71	18.92	19.23	148100	19.23
MDVN	2016-01-27	18.80	19.83	18.50	19.23	256200	19.23
MDVN	2016-01-26	18.83	19.28	18.40	18.77	426500	18.77
MDVN	2016-01-23	18.65	19.06	18.15	18.74	361900	18.74
MDVN	2016-01-22	17.45	19.37	17.45	19.12	486400	19.12
MDVN	2016-01-21	16.56	17.82	16.56	17.72	509700	17.72
MDVN	2016-01-20	16.34	16.97	16.27	16.35	190700	16.35
MDVN	2016-01-16	15.65	16.57	15.38	16.52	298600	16.52
MDVN	2016-01-15	15.36	15.65	14.31	15.64	386200	15.64
MDVN	2016-01-14	15.80	16.15	15.21	15.37	154900	15.37
MDVN	2016-01-13	15.75	16.20	15.69	16.00	117800	16.00
MDVN	2016-01-12	16.11	16.44	15.68	15.75	147800	15.75
MDVN	2016-01-09	17.00	17.03	15.95	16.05	171100	16.05
MDVN	2016-01-08	15.84	17.19	15.54	17.05	311000	17.05
MDVN	2016-01-07	16.55	17.14	15.38	15.85	216700	15.85
MDVN	2016-01-06	15.56	16.83	15.54	16.78	346500	16.78
MDVN	2016-01-05	14.94	15.65	14.77	15.38	251200	15.38
MDVN	2016-01-02	14.55	15.40	14.40	14.88	457000	14.88
RBPAA	2016-12-31	1.21	1.36	1.19	1.30	24000	1.30
RBPAA	2016-12-30	1.21	1.27	1.21	1.26	11500	1.26
RBPAA	2016-12-29	1.24	1.38	1.21	1.21	53600	1.21
RBPAA	2016-12-28	1.25	1.29	1.15	1.15	20100	1.15
RBPAA	2016-12-24	1.20	1.25	1.20	1.24	10300	1.24
RBPAA	2016-12-23	1.32	1.40	1.20	1.22	3600	1.22
RBPAA	2016-12-22	1.25	1.43	1.19	1.43	57300	1.43
RBPAA	2016-12-21	1.76	1.76	1.21	1.26	75900	1.26
RBPAA	2016-12-18	1.31	1.87	1.25	1.80	39900	1.80
RBPAA	2016-12-17	1.25	1.27	1.19	1.27	7200	1.27
RBPAA	2016-12-16	1.26	1.28	1.22	1.22	17100	1.22
RBPAA	2016-12-15	1.25	1.25	1.24	1.25	17500	1.25
RBPAA	2016-12-14	1.27	1.30	1.24	1.24	25800	1.24
RBPAA	2016-12-11	1.25	1.30	1.24	1.24	47100	1.24
RBPAA	2016-12-10	1.19	1.32	1.19	1.32	6700	1.32
RBPAA	2016-12-09	1.27	1.30	1.22	1.22	19000	1.22
RBPAA	2016-12-08	1.25	1.25	1.22	1.22	11100	1.22
RBPAA	2016-12-07	1.25	1.29	1.22	1.25	8600	1.25
RBPAA	2016-12-04	1.25	1.25	1.19	1.25	2500	1.25
RBPAA	2016-12-03	1.24	1.30	1.15	1.20	3000	1.20
RBPAA	2016-12-02	1.23	1.30	1.23	1.25	33800	1.25
RBPAA	2016-12-01	1.40	1.45	1.30	1.30	13000	1.30
RBPAA	2016-11-30	1.42	1.47	1.41	1.43	2500	1.43
RBPAA	2016-11-27	1.55	1.55	1.44	1.44	800	1.44
RBPAA	2016-11-25	1.47	1.64	1.45	1.45	14100	1.45
RBPAA	2016-11-24	1.41	1.49	1.41	1.49	8500	1.49
RBPAA	2016-11-23	1.41	1.45	1.41	1.44	8300	1.44
RBPAA	2016-11-20	1.41	1.41	1.41	1.41	1600	1.41
RBPAA	2016-11-19	1.41	1.41	1.41	1.41	1500	1.41
RBPAA	2016-11-18	1.42	1.50	1.41	1.41	2800	1.41
RBPAA	2016-11-17	1.58	1.58	1.40	1.42	5800	1.42
RBPAA	2016-11-16	1.59	1.59	1.55	1.58	2700	1.58
RBPAA	2016-11-13	1.60	1.65	1.60	1.61	2500	1.61
RBPAA	2016-11-12	1.58	1.58	1.58	1.58	300	1.58
RBPAA	2016-11-11	1.50	1.65	1.50	1.60	17400	1.60
RBPAA	2016-11-10	1.42	1.50	1.42	1.46	6900	1.46
RBPAA	2016-11-09	1.35	1.57	1.35	1.40	26000	1.40
RBPAA	2016-11-06	1.15	1.26	1.15	1.25	8300	1.25
RBPAA	2016-11-05	1.11	1.12	1.10	1.12	3800	1.12
RBPAA	2016-11-04	1.10	1.10	1.05	1.10	14100	1.10
RBPAA	2016-11-03	1.06	1.06	1.01	1.06	6700	1.06
RBPAA	2016-11-02	1.06	1.06	1.04	1.05	5500	1.05
RBPAA	2016-10-30	1.10	1.10	1.06	1.06	3100	1.06
RBPAA	2016-10-29	1.10	1.10	1.05	1.05	2500	1.05
RBPAA	2016-10-28	1.09	1.20	1.07	1.07	12300	1.07
RBPAA	2016-10-27	1.37	1.37	1.05	1.07	4900	1.07
RBPAA	2016-10-26	1.25	1.37	1.16	1.16	4600	1.16
RBPAA	2016-10-23	1.26	1.44	1.26	1.26	4600	1.26
RBPAA	2016-10-22	1.34	1.40	1.25	1.25	6100	1.25
RBPAA	2016-10-21	1.50	1.50	1.26	1.50	3200	1.50
RBPAA	2016-10-20	1.49	1.49	1.31	1.48	2200	1.48
RBPAA	2016-10-19	1.35	1.55	1.32	1.33	16900	1.33
RBPAA	2016-10-16	1.39	1.39	1.31	1.31	500	1.31
RBPAA	2016-10-15	1.37	1.39	1.37	1.39	800	1.39
RBPAA	2016-10-14	1.30	1.40	1.30	1.39	5700	1.39
RBPAA	2016-10-13	1.43	1.43	1.43	1.43	200	1.43
RBPAA	2016-10-12	1.46	1.46	1.28	1.45	9400	1.45
RBPAA	2016-10-09	1.55	1.55	1.50	1.51	2800	1.51
RBPAA	2016-10-08	1.57	1.58	1.54	1.55	4900	1.55
RBPAA	2016-10-07	1.79	1.79	1.56	1.60	7000	1.60
RBPAA	2016-10-06	1.50	1.55	1.50	1.55	1700	1.55
RBPAA	2016-10-05	1.59	1.59	1.59	1.59	0	1.59
RBPAA	2016-10-02	1.59	1.59	1.59	1.59	1900	1.59
RBPAA	2016-10-01	1.60	1.60	1.53	1.59	4100	1.59
RBPAA	2016-09-30	1.77	1.77	1.51	1.55	6400	1.55
RBPAA	2016-09-29	1.52	1.75	1.52	1.75	3900	1.75
RBPAA	2016-09-28	1.79	1.79	1.61	1.61	1200	1.61
RBPAA	2016-09-25	1.70	1.79	1.70	1.75	8600	1.75
RBPAA	2016-09-24	1.71	1.71	1.63	1.70	1900	1.70
RBPAA	2016-09-23	1.65	1.70	1.63	1.63	4600	1.63
RBPAA	2016-09-22	1.63	1.63	1.54	1.63	9700	1.63
RBPAA	2016-09-21	1.65	1.65	1.51	1.51	8300	1.51
RBPAA	2016-09-18	1.95	1.95	1.72	1.73	29600	1.73
RBPAA	2016-09-17	1.65	1.90	1.65	1.82	17500	1.82
RBPAA	2016-09-16	1.55	1.55	1.50	1.51	10300	1.51
RBPAA	2016-09-15	1.39	1.52	1.39	1.52	3000	1.52
RBPAA	2016-09-14	1.50	1.50	1.40	1.40	4500	1.40
RBPAA	2016-09-11	1.50	1.50	1.45	1.46	5600	1.46
RBPAA	2016-09-10	1.50	1.55	1.45	1.46	1700	1.46
RBPAA	2016-09-09	1.52	1.55	1.49	1.49	14700	1.49
RBPAA	2016-09-08	1.61	1.61	1.32	1.50	14800	1.50
RBPAA	2016-09-04	1.56	1.56	1.56	1.56	1000	1.56
RBPAA	2016-09-03	1.74	1.74	1.64	1.65	6600	1.65
RBPAA	2016-09-02	1.88	1.88	1.74	1.74	1800	1.74
RBPAA	2016-09-01	1.74	1.78	1.73	1.78	3200	1.78
RBPAA	2016-08-31	1.52	1.74	1.50	1.74	4000	1.74
RBPAA	2016-08-28	1.85	1.85	1.60	1.60	2800	1.60
RBPAA	2016-08-27	1.62	1.70	1.62	1.70	3000	1.70
RBPAA	2016-08-26	1.50	1.67	1.50	1.60	4500	1.60
RBPAA	2016-08-25	1.62	1.62	1.50	1.50	4400	1.50
RBPAA	2016-08-24	1.70	1.70	1.62	1.62	3700	1.62
RBPAA	2016-08-21	1.80	1.90	1.65	1.75	8400	1.75
RBPAA	2016-08-20	1.62	1.63	1.62	1.63	1100	1.63
RBPAA	2016-08-19	1.63	1.73	1.56	1.56	9800	1.56
RBPAA	2016-08-18	1.67	1.88	1.59	1.63	12600	1.63
RBPAA	2016-08-17	1.62	1.63	1.50	1.50	8300	1.50
RBPAA	2016-08-14	1.71	1.72	1.70	1.70	2000	1.70
RBPAA	2016-08-13	1.76	1.88	1.74	1.88	4000	1.88
RBPAA	2016-08-12	1.90	1.90	1.81	1.88	1800	1.88
RBPAA	2016-08-11	1.99	1.99	1.76	1.90	300	1.90
RBPAA	2016-08-10	1.95	1.97	1.90	1.90	2500	1.90
RBPAA	2016-08-07	1.99	2.00	1.83	1.99	4900	1.99
RBPAA	2016-08-06	1.90	1.99	1.90	1.99	1100	1.99
RBPAA	2016-08-05	1.94	1.99	1.90	1.90	4900	1.90
RBPAA	2016-08-04	1.82	1.95	1.82	1.95	900	1.95
RBPAA	2016-08-03	1.99	1.99	1.80	1.82	7300	1.82
RBPAA	2016-07-31	2.00	2.04	1.97	2.04	3000	2.04
RBPAA	2016-07-30	1.97	2.04	1.97	2.01	4600	2.01
RBPAA	2016-07-29	1.95	2.04	1.95	1.99	3800	1.99
RBPAA	2016-07-28	1.85	1.95	1.85	1.95	1600	1.95
RBPAA	2016-07-27	2.06	2.06	1.90	2.02	6400	2.02
RBPAA	2016-07-24	1.92	1.96	1.92	1.96	400	1.96
RBPAA	2016-07-23	2.00	2.00	1.85	1.95	8800	1.95
RBPAA	2016-07-22	1.66	1.73	1.66	1.67	3200	1.67
RBPAA	2016-07-21	1.56	1.73	1.55	1.66	4600	1.66
RBPAA	2016-07-20	1.61	1.66	1.59	1.63	4900	1.63
RBPAA	2016-07-17	1.75	1.75	1.53	1.58	13600	1.58
RBPAA	2016-07-16	1.82	1.82	1.64	1.79	9000	1.79
RBPAA	2016-07-15	2.05	2.05	1.81	1.81	2600	1.81
RBPAA	2016-07-14	2.05	2.05	1.80	1.80	5200	1.80
RBPAA	2016-07-13	1.88	1.90	1.87	1.87	1300	1.87
RBPAA	2016-07-10	1.89	2.01	1.87	1.87	3000	1.87
RBPAA	2016-07-09	2.05	2.05	2.05	2.05	0	2.05
RBPAA	2016-07-08	1.88	2.07	1.88	2.05	2800	2.05
RBPAA	2016-07-07	2.11	2.15	1.87	2.10	3900	2.10
RBPAA	2016-07-06	1.90	2.06	1.90	2.06	1800	2.06
RBPAA	2016-07-02	1.87	1.93	1.87	1.93	400	1.93
RBPAA	2016-07-01	1.95	1.95	1.86	1.95	300	1.95
RBPAA	2016-06-30	1.90	1.90	1.87	1.87	800	1.87
RBPAA	2016-06-29	1.90	1.90	1.90	1.90	0	1.90
RBPAA	2016-06-26	1.95	1.95	1.90	1.90	1100	1.90
RBPAA	2016-06-25	1.90	1.90	1.90	1.90	2100	1.90
RBPAA	2016-06-24	2.11	2.11	1.90	1.90	900	1.90
RBPAA	2016-06-23	1.91	2.14	1.90	1.97	2400	1.97
RBPAA	2016-06-22	1.93	2.02	1.90	1.90	4700	1.90
RBPAA	2016-06-19	2.00	2.04	1.92	2.04	6400	2.04
RBPAA	2016-06-18	1.93	2.08	1.92	2.08	1200	2.08
RBPAA	2016-06-17	1.98	1.98	1.92	1.92	1400	1.92
RBPAA	2016-06-16	2.00	2.00	2.00	2.00	200	2.00
RBPAA	2016-06-15	2.15	2.15	1.90	1.92	2900	1.92
RBPAA	2016-06-12	1.95	2.14	1.95	2.04	6200	2.04
RBPAA	2016-06-11	2.00	2.15	1.90	2.15	2100	2.15
RBPAA	2016-06-10	2.05	2.15	1.91	2.05	7200	2.05
RBPAA	2016-06-09	2.04	2.04	1.96	1.97	27000	1.97
RBPAA	2016-06-08	1.88	2.03	1.87	2.03	3800	2.03
RBPAA	2016-06-05	1.95	1.95	1.90	1.91	10600	1.91
RBPAA	2016-06-04	2.02	2.02	1.98	1.98	1200	1.98
RBPAA	2016-06-03	1.96	2.00	1.92	2.00	7500	2.00
RBPAA	2016-06-02	2.01	2.01	1.85	1.97	6200	1.97
RBPAA	2016-06-01	2.14	2.14	1.80	1.86	14000	1.86
RBPAA	2016-05-29	2.18	2.18	2.06	2.18	1500	2.18
RBPAA	2016-05-28	2.20	2.20	2.20	2.20	100	2.20
RBPAA	2016-05-27	2.00	2.19	1.99	2.19	3200	2.19
RBPAA	2016-05-26	1.82	2.25	1.82	2.25	9900	2.25
RBPAA	2016-05-22	1.95	1.95	1.94	1.94	900	1.94
RBPAA	2016-05-21	2.04	2.04	1.86	1.86	4800	1.86
RBPAA	2016-05-20	2.11	2.11	2.05	2.05	8000	2.05
RBPAA	2016-05-19	2.29	2.29	1.95	1.95	9400	1.95
RBPAA	2016-05-18	2.29	2.29	1.97	1.98	2700	1.98
RBPAA	2016-05-15	2.03	2.20	1.95	1.96	5500	1.96
RBPAA	2016-05-14	2.10	2.20	2.01	2.10	19200	2.10
RBPAA	2016-05-13	2.01	2.02	1.93	2.02	2400	2.02
RBPAA	2016-05-12	2.12	2.12	1.80	1.95	16500	1.95
RBPAA	2016-05-11	2.07	2.13	1.93	2.12	10600	2.12
RBPAA	2016-05-08	2.11	2.11	2.01	2.07	10000	2.07
RBPAA	2016-05-07	2.31	2.36	1.93	2.01	16700	2.01
RBPAA	2016-05-06	2.11	2.13	2.05	2.05	3200	2.05
RBPAA	2016-05-05	2.32	2.32	2.05	2.13	6000	2.13
RBPAA	2016-05-04	2.30	2.32	2.28	2.32	8300	2.32
RBPAA	2016-05-01	2.32	2.32	2.25	2.30	3500	2.30
RBPAA	2016-04-30	2.31	2.34	2.31	2.34	3200	2.34
RBPAA	2016-04-29	2.36	2.36	2.31	2.36	2400	2.36
RBPAA	2016-04-28	2.27	2.34	2.27	2.34	400	2.34
RBPAA	2016-04-27	2.28	2.33	2.27	2.27	5400	2.27
RBPAA	2016-04-24	2.30	2.30	2.25	2.25	1000	2.25
RBPAA	2016-04-23	2.45	2.48	2.25	2.34	4600	2.34
RBPAA	2016-04-22	2.35	2.35	2.35	2.35	0	2.35
RBPAA	2016-04-21	2.44	2.44	2.32	2.35	1400	2.35
RBPAA	2016-04-20	2.49	2.49	2.32	2.44	5900	2.44
RBPAA	2016-04-17	2.32	2.45	2.32	2.45	2200	2.45
RBPAA	2016-04-16	2.43	2.48	2.31	2.31	3900	2.31
RBPAA	2016-04-15	2.35	2.48	2.31	2.31	2500	2.31
RBPAA	2016-04-14	2.37	2.50	2.31	2.35	16300	2.35
RBPAA	2016-04-13	2.60	2.60	2.31	2.31	13400	2.31
RBPAA	2016-04-09	2.90	3.02	2.65	2.65	17200	2.65
RBPAA	2016-04-08	2.55	2.56	2.50	2.56	3100	2.56
RBPAA	2016-04-07	2.25	2.68	2.22	2.40	2200	2.40
RBPAA	2016-04-06	2.60	2.60	2.49	2.56	2600	2.56
RBPAA	2016-04-03	2.50	2.90	2.40	2.50	9500	2.50
RBPAA	2016-04-02	2.13	2.40	2.00	2.30	8400	2.30
RBPAA	2016-04-01	2.18	2.18	1.69	1.71	10800	1.71
RBPAA	2016-03-31	2.19	2.19	2.05	2.10	3600	2.10
RBPAA	2016-03-30	2.01	2.25	1.73	2.05	11900	2.05
RBPAA	2016-03-27	2.21	2.40	2.21	2.40	1400	2.40
RBPAA	2016-03-26	2.40	2.40	2.21	2.39	3100	2.39
RBPAA	2016-03-25	2.35	2.35	2.22	2.29	1400	2.29
RBPAA	2016-03-24	2.40	2.58	2.28	2.28	4000	2.28
RBPAA	2016-03-23	2.70	2.70	2.28	2.40	14100	2.40
RBPAA	2016-03-20	2.99	2.99	2.55	2.60	24600	2.60
RBPAA	2016-03-19	2.50	2.50	2.40	2.40	3000	2.40
RBPAA	2016-03-18	2.75	2.75	2.30	2.49	10000	2.49
RBPAA	2016-03-17	3.15	3.15	2.75	2.75	2400	2.75
RBPAA	2016-03-16	3.00	3.15	2.88	2.88	2500	2.88
RBPAA	2016-03-13	2.75	2.96	2.74	2.96	1200	2.96
RBPAA	2016-03-12	2.50	2.91	2.25	2.70	4800	2.70
RBPAA	2016-03-11	2.89	2.89	2.89	2.89	100	2.89
RBPAA	2016-03-10	2.90	2.90	2.20	2.86	16900	2.86
RBPAA	2016-03-09	2.54	2.90	2.50	2.50	2500	2.50
RBPAA	2016-03-06	2.85	2.87	2.54	2.54	1900	2.54
RBPAA	2016-03-05	3.04	3.16	2.95	3.00	95900	3.00
RBPAA	2016-03-04	3.10	3.10	3.10	3.10	0	3.10
RBPAA	2016-03-03	3.52	3.56	3.03	3.10	1100	3.10
RBPAA	2016-03-02	3.57	3.57	3.25	3.57	800	3.57
RBPAA	2016-02-27	3.64	3.70	3.05	3.70	12300	3.70
RBPAA	2016-02-26	3.46	3.56	3.46	3.56	500	3.56
RBPAA	2016-02-25	3.60	3.60	3.46	3.46	200	3.46
RBPAA	2016-02-24	3.16	3.69	3.16	3.30	2000	3.30
RBPAA	2016-02-23	3.06	3.31	3.06	3.19	2100	3.19
RBPAA	2016-02-20	3.04	3.04	3.00	3.00	3300	3.00
RBPAA	2016-02-19	3.03	3.08	3.00	3.07	3500	3.07
RBPAA	2016-02-18	3.01	3.12	3.00	3.01	900	3.01
RBPAA	2016-02-17	2.21	3.21	2.20	3.00	19100	3.00
RBPAA	2016-02-13	2.73	2.75	2.21	2.70	20000	2.70
RBPAA	2016-02-12	3.52	3.52	2.71	3.04	17500	3.04
RBPAA	2016-02-11	3.64	3.78	3.53	3.72	2000	3.72
RBPAA	2016-02-10	3.81	3.81	3.69	3.69	12000	3.69
RBPAA	2016-02-09	3.75	3.85	3.75	3.85	1700	3.85
RBPAA	2016-02-06	3.76	3.87	3.75	3.75	1200	3.75
RBPAA	2016-02-05	3.75	3.92	3.75	3.92	3400	3.92
RBPAA	2016-02-04	3.75	3.75	3.75	3.75	2100	3.75
RBPAA	2016-02-03	3.76	3.93	3.75	3.93	3200	3.93
RBPAA	2016-02-02	3.77	4.00	3.77	3.88	400	3.88
RBPAA	2016-01-30	4.07	4.16	3.80	3.80	2600	3.80
RBPAA	2016-01-29	4.18	4.18	3.83	3.99	1200	3.99
RBPAA	2016-01-28	4.19	4.19	3.95	4.15	4000	4.15
RBPAA	2016-01-27	3.90	4.02	3.90	3.95	1500	3.95
RBPAA	2016-01-26	3.80	3.88	3.75	3.88	3100	3.88
RBPAA	2016-01-23	3.79	3.90	3.76	3.77	3400	3.77
RBPAA	2016-01-22	4.24	4.24	3.75	3.75	10500	3.75
RBPAA	2016-01-21	4.25	4.49	3.80	4.18	4200	4.18
RBPAA	2016-01-20	4.25	4.25	4.14	4.14	800	4.14
RBPAA	2016-01-16	4.38	4.38	3.71	4.25	500	4.25
RBPAA	2016-01-15	4.44	4.44	3.66	3.67	400	3.67
RBPAA	2016-01-14	3.77	4.15	3.76	4.13	4600	4.13
RBPAA	2016-01-13	3.66	3.85	3.66	3.69	400	3.69
RBPAA	2016-01-12	3.66	3.66	3.66	3.66	5300	3.66
RBPAA	2016-01-09	3.75	4.20	3.66	3.66	3000	3.66
RBPAA	2016-01-08	3.57	3.73	3.57	3.73	1500	3.73
RBPAA	2016-01-07	3.75	4.00	3.56	3.57	1700	3.57
RBPAA	2016-01-06	3.58	3.82	3.58	3.82	1000	3.82
RBPAA	2016-01-05	3.50	3.66	3.50	3.64	1800	3.64
RBPAA	2016-01-02	3.39	3.51	3.39	3.41	600	3.41
SWHC	2016-12-31	4.10	4.24	4.09	4.09	2197800	4.09
SWHC	2016-12-30	3.91	4.10	3.91	4.10	2057900	4.10
SWHC	2016-12-29	3.93	3.94	3.90	3.93	719500	3.93
SWHC	2016-12-28	3.96	3.96	3.89	3.91	855400	3.91
SWHC	2016-12-24	3.93	3.95	3.90	3.90	370700	3.90
SWHC	2016-12-23	3.96	3.98	3.91	3.94	898300	3.94
SWHC	2016-12-22	4.00	4.00	3.92	3.94	1301100	3.94
SWHC	2016-12-21	4.02	4.03	3.93	3.98	1135100	3.98
SWHC	2016-12-18	3.96	3.99	3.90	3.97	1411200	3.97
SWHC	2016-12-17	4.01	4.02	3.88	3.93	1197900	3.93
SWHC	2016-12-16	3.90	4.08	3.90	4.02	1985900	4.02
SWHC	2016-12-15	3.93	3.97	3.85	3.91	1079000	3.91
SWHC	2016-12-14	4.00	4.00	3.83	3.93	2063200	3.93
SWHC	2016-12-11	4.01	4.01	3.91	3.92	1828100	3.92
SWHC	2016-12-10	4.01	4.07	3.92	3.94	2385500	3.94
SWHC	2016-12-09	4.16	4.17	4.00	4.04	2820100	4.04
SWHC	2016-12-08	4.18	4.19	3.98	4.07	4172000	4.07
SWHC	2016-12-07	4.46	4.50	4.17	4.19	4279600	4.19
SWHC	2016-12-04	4.56	4.60	4.30	4.45	8718500	4.45
SWHC	2016-12-03	5.78	5.80	5.21	5.27	5067100	5.27
SWHC	2016-12-02	5.47	5.74	5.45	5.68	3943800	5.68
SWHC	2016-12-01	5.14	5.44	5.05	5.40	4997200	5.40
SWHC	2016-11-30	4.70	4.95	4.70	4.94	2135300	4.94
SWHC	2016-11-27	4.57	4.74	4.55	4.70	416500	4.70
SWHC	2016-11-25	4.59	4.74	4.56	4.72	1030000	4.72
SWHC	2016-11-24	4.67	4.68	4.51	4.60	1089400	4.60
SWHC	2016-11-23	4.73	4.78	4.60	4.64	880000	4.64
SWHC	2016-11-20	4.67	4.72	4.62	4.70	877700	4.70
SWHC	2016-11-19	4.78	4.80	4.66	4.71	979400	4.71
SWHC	2016-11-18	4.82	4.86	4.74	4.84	945500	4.84
SWHC	2016-11-17	4.81	4.86	4.76	4.77	628800	4.77
SWHC	2016-11-16	4.88	4.90	4.80	4.84	914700	4.84
SWHC	2016-11-13	4.85	4.86	4.75	4.82	1118000	4.82
SWHC	2016-11-12	4.85	4.86	4.66	4.66	798700	4.66
SWHC	2016-11-11	4.73	4.85	4.60	4.85	1750000	4.85
SWHC	2016-11-10	4.64	4.75	4.49	4.62	1543500	4.62
SWHC	2016-11-09	4.37	4.62	4.30	4.56	2300400	4.56
SWHC	2016-11-06	4.27	4.31	4.21	4.27	574200	4.27
SWHC	2016-11-05	4.15	4.29	4.10	4.27	848600	4.27
SWHC	2016-11-04	4.23	4.32	4.10	4.10	661800	4.10
SWHC	2016-11-03	4.09	4.25	4.05	4.20	936200	4.20
SWHC	2016-11-02	4.28	4.33	4.11	4.14	2487200	4.14
SWHC	2016-10-30	4.55	4.55	4.25	4.27	1328600	4.27
SWHC	2016-10-29	4.33	4.45	4.30	4.39	1227300	4.39
SWHC	2016-10-28	4.63	4.70	4.25	4.30	2782200	4.30
SWHC	2016-10-27	4.65	4.77	4.61	4.63	1245600	4.63
SWHC	2016-10-26	4.81	4.90	4.63	4.66	1471000	4.66
SWHC	2016-10-23	4.95	4.99	4.75	4.81	963200	4.81
SWHC	2016-10-22	4.98	5.03	4.82	4.93	743500	4.93
SWHC	2016-10-21	4.97	5.09	4.90	4.94	950600	4.94
SWHC	2016-10-20	5.01	5.03	4.90	5.01	894100	5.01
SWHC	2016-10-19	5.13	5.15	4.96	5.01	1096200	5.01
SWHC	2016-10-16	4.85	5.14	4.80	5.05	1232500	5.05
SWHC	2016-10-15	4.86	5.17	4.86	5.11	2186800	5.11
SWHC	2016-10-14	4.81	4.87	4.75	4.84	1049300	4.84
SWHC	2016-10-13	4.82	4.85	4.76	4.78	642800	4.78
SWHC	2016-10-12	4.95	4.96	4.76	4.85	1299000	4.85
SWHC	2016-10-09	4.86	4.92	4.84	4.89	680500	4.89
SWHC	2016-10-08	4.95	4.99	4.82	4.84	987600	4.84
SWHC	2016-10-07	4.82	4.95	4.77	4.89	851500	4.89
SWHC	2016-10-06	4.76	4.89	4.74	4.82	944700	4.82
SWHC	2016-10-05	4.92	4.95	4.72	4.78	1369300	4.78
SWHC	2016-10-02	4.97	4.97	4.33	4.84	2744000	4.84
SWHC	2016-10-01	5.24	5.29	4.98	5.08	1656400	5.08
SWHC	2016-09-30	5.18	5.29	5.11	5.23	1233800	5.23
SWHC	2016-09-29	5.06	5.24	5.05	5.15	524900	5.15
SWHC	2016-09-28	5.15	5.21	5.10	5.18	1088200	5.18
SWHC	2016-09-25	5.17	5.25	5.10	5.14	1070600	5.14
SWHC	2016-09-24	5.21	5.29	5.08	5.20	1811600	5.20
SWHC	2016-09-23	5.28	5.35	5.17	5.17	1193900	5.17
SWHC	2016-09-22	5.43	5.45	5.26	5.28	1208700	5.28
SWHC	2016-09-21	5.51	5.59	5.40	5.41	1188000	5.41
SWHC	2016-09-18	5.65	5.70	5.54	5.55	1055500	5.55
SWHC	2016-09-17	5.75	5.79	5.55	5.65	1466600	5.65
SWHC	2016-09-16	5.75	5.88	5.73	5.79	1152100	5.79
SWHC	2016-09-15	5.82	5.82	5.65	5.72	1252600	5.72
SWHC	2016-09-14	5.79	5.86	5.62	5.79	1506500	5.79
SWHC	2016-09-11	6.09	6.12	5.73	5.86	2881600	5.86
SWHC	2016-09-10	6.31	6.35	5.93	5.99	6107300	5.99
SWHC	2016-09-09	5.44	5.71	5.39	5.61	3438300	5.61
SWHC	2016-09-08	5.30	5.48	5.26	5.33	1151500	5.33
SWHC	2016-09-04	5.21	5.28	5.10	5.28	614600	5.28
SWHC	2016-09-03	5.14	5.26	5.08	5.19	990100	5.19
SWHC	2016-09-02	5.06	5.27	5.05	5.10	1381600	5.10
SWHC	2016-09-01	5.35	5.41	5.01	5.08	1627500	5.08
SWHC	2016-08-31	5.45	5.48	5.32	5.38	1429900	5.38
SWHC	2016-08-28	5.43	5.50	5.34	5.47	1218300	5.47
SWHC	2016-08-27	5.21	5.42	5.01	5.39	1504200	5.39
SWHC	2016-08-26	5.43	5.45	5.15	5.26	1491000	5.26
SWHC	2016-08-25	5.47	5.50	5.34	5.45	1198500	5.45
SWHC	2016-08-24	5.60	5.75	5.41	5.46	1832000	5.46
SWHC	2016-08-21	5.95	6.00	5.76	5.89	880200	5.89
SWHC	2016-08-20	5.70	5.93	5.70	5.91	948600	5.91
SWHC	2016-08-19	5.68	5.69	5.52	5.68	633800	5.68
SWHC	2016-08-18	5.60	5.79	5.60	5.69	525400	5.69
SWHC	2016-08-17	5.69	5.70	5.33	5.59	1346800	5.59
SWHC	2016-08-14	5.92	5.95	5.71	5.77	1134900	5.77
SWHC	2016-08-13	5.83	5.96	5.66	5.91	1320100	5.91
SWHC	2016-08-12	5.78	5.92	5.70	5.81	1141300	5.81
SWHC	2016-08-11	5.90	5.97	5.79	5.81	898100	5.81
SWHC	2016-08-10	6.05	6.06	5.91	5.94	848400	5.94
SWHC	2016-08-07	6.03	6.12	5.95	6.06	691900	6.06
SWHC	2016-08-06	6.17	6.18	5.92	5.93	768600	5.93
SWHC	2016-08-05	6.03	6.11	5.92	6.11	912500	6.11
SWHC	2016-08-04	6.06	6.20	6.00	6.03	820000	6.03
SWHC	2016-08-03	6.23	6.23	5.87	6.17	1494900	6.17
SWHC	2016-07-31	6.12	6.18	5.87	6.06	1445800	6.06
SWHC	2016-07-30	6.50	6.69	6.16	6.20	1868100	6.20
SWHC	2016-07-29	6.23	6.65	6.12	6.41	948400	6.41
SWHC	2016-07-28	6.38	6.38	5.83	6.30	1127500	6.30
SWHC	2016-07-27	6.53	6.55	6.37	6.41	770400	6.41
SWHC	2016-07-24	6.50	6.54	6.31	6.51	994400	6.51
SWHC	2016-07-23	6.55	6.76	6.51	6.54	1430700	6.54
SWHC	2016-07-22	6.66	6.86	6.49	6.60	1285500	6.60
SWHC	2016-07-21	6.97	6.98	6.46	6.74	1393100	6.74
SWHC	2016-07-20	6.66	6.95	6.65	6.86	1890400	6.86
SWHC	2016-07-17	6.50	6.77	6.41	6.62	2438800	6.62
SWHC	2016-07-16	5.95	6.55	5.91	6.40	3577700	6.40
SWHC	2016-07-15	5.89	5.98	5.80	5.95	2184400	5.95
SWHC	2016-07-14	5.54	5.75	5.53	5.75	1370200	5.75
SWHC	2016-07-13	5.69	5.78	5.48	5.55	1315200	5.55
SWHC	2016-07-10	5.24	5.72	5.24	5.59	1826200	5.59
SWHC	2016-07-09	5.27	5.32	5.17	5.24	1055000	5.24
SWHC	2016-07-08	5.48	5.52	5.10	5.24	1147800	5.24
SWHC	2016-07-07	5.36	5.54	5.36	5.43	1267000	5.43
SWHC	2016-07-06	5.54	5.54	5.11	5.41	1113000	5.41
SWHC	2016-07-02	5.68	5.69	5.43	5.58	945300	5.58
SWHC	2016-07-01	5.75	5.89	5.68	5.80	1752400	5.80
SWHC	2016-06-30	5.49	5.78	5.33	5.68	2252000	5.68
SWHC	2016-06-29	5.50	5.60	5.25	5.53	2823200	5.53
SWHC	2016-06-26	5.12	5.86	5.06	5.85	4664100	5.85
SWHC	2016-06-25	5.29	5.29	5.06	5.10	1671300	5.10
SWHC	2016-06-24	5.49	5.50	5.15	5.15	1762200	5.15
SWHC	2016-06-23	5.40	5.55	5.05	5.42	4340000	5.42
SWHC	2016-06-22	5.97	5.97	5.64	5.75	4435900	5.75
SWHC	2016-06-19	5.80	6.13	5.55	6.03	8727800	6.03
SWHC	2016-06-18	4.92	4.97	4.80	4.93	1085900	4.93
SWHC	2016-06-17	4.99	5.08	4.77	4.84	1047600	4.84
SWHC	2016-06-16	4.90	5.24	4.72	4.96	1443000	4.96
SWHC	2016-06-15	4.95	4.95	4.59	4.74	1080800	4.74
SWHC	2016-06-12	5.05	5.05	4.85	4.95	637600	4.95
SWHC	2016-06-11	4.91	5.10	4.91	5.00	855200	5.00
SWHC	2016-06-10	5.05	5.10	4.85	4.97	1221900	4.97
SWHC	2016-06-09	5.00	5.14	4.91	4.94	965000	4.94
SWHC	2016-06-08	4.78	4.99	4.62	4.91	1357800	4.91
SWHC	2016-06-05	5.00	5.17	4.74	4.78	1985800	4.78
SWHC	2016-06-04	5.33	5.33	5.01	5.01	1335200	5.01
SWHC	2016-06-03	5.31	5.50	5.22	5.28	1125100	5.28
SWHC	2016-06-02	5.45	5.70	5.31	5.46	1468700	5.46
SWHC	2016-06-01	5.45	5.55	5.32	5.46	1122800	5.46
SWHC	2016-05-29	5.28	5.40	5.25	5.28	995800	5.28
SWHC	2016-05-28	5.56	5.58	5.15	5.28	1050500	5.28
SWHC	2016-05-27	5.50	5.74	5.43	5.50	773200	5.50
SWHC	2016-05-26	5.28	5.48	5.15	5.47	1086100	5.47
SWHC	2016-05-22	5.33	5.57	5.19	5.27	639800	5.27
SWHC	2016-05-21	5.45	5.45	5.21	5.31	750000	5.31
SWHC	2016-05-20	5.89	5.90	5.46	5.50	1361000	5.50
SWHC	2016-05-19	5.69	5.85	5.47	5.78	1227000	5.78
SWHC	2016-05-18	5.87	5.90	5.30	5.62	1218800	5.62
SWHC	2016-05-15	5.29	5.75	5.25	5.51	2321500	5.51
SWHC	2016-05-14	5.03	5.50	5.00	5.25	2178300	5.25
SWHC	2016-05-13	5.54	5.77	4.75	4.81	3597200	4.81
SWHC	2016-05-12	5.94	6.10	5.60	5.77	1470100	5.77
SWHC	2016-05-11	6.38	6.38	5.53	5.79	2692500	5.79
SWHC	2016-05-08	6.37	6.58	6.25	6.33	1642000	6.33
SWHC	2016-05-07	6.76	6.78	6.23	6.31	3629300	6.31
SWHC	2016-05-06	7.45	7.47	7.10	7.27	817000	7.27
SWHC	2016-05-05	7.30	7.52	7.21	7.27	1707500	7.27
SWHC	2016-05-04	7.17	7.36	7.06	7.20	1315500	7.20
SWHC	2016-05-01	7.21	7.27	6.92	7.01	1037000	7.01
SWHC	2016-04-30	7.40	7.50	7.15	7.17	1199400	7.17
SWHC	2016-04-29	6.88	7.37	6.82	7.19	1975400	7.19
SWHC	2016-04-28	6.52	6.70	6.45	6.58	554900	6.58
SWHC	2016-04-27	6.75	6.75	6.51	6.53	803500	6.53
SWHC	2016-04-24	6.60	6.72	6.53	6.62	764600	6.62
SWHC	2016-04-23	6.88	6.97	6.37	6.48	873900	6.48
SWHC	2016-04-22	6.65	7.14	6.35	6.70	1915500	6.70
SWHC	2016-04-21	6.34	6.65	6.20	6.56	863600	6.56
SWHC	2016-04-20	6.55	6.55	6.26	6.32	860900	6.32
SWHC	2016-04-17	6.56	6.79	6.50	6.61	1316800	6.61
SWHC	2016-04-16	6.37	6.55	6.31	6.49	991700	6.49
SWHC	2016-04-15	6.08	6.45	6.00	6.27	950000	6.27
SWHC	2016-04-14	6.30	6.32	6.03	6.04	827300	6.04
SWHC	2016-04-13	6.38	6.40	6.10	6.32	1029600	6.32
SWHC	2016-04-09	5.95	6.45	5.90	6.32	1848900	6.32
SWHC	2016-04-08	5.60	5.88	5.55	5.88	1006400	5.88
SWHC	2016-04-07	5.66	5.71	5.52	5.54	685400	5.54
SWHC	2016-04-06	5.95	5.95	5.46	5.68	975700	5.68
SWHC	2016-04-03	5.60	5.95	5.50	5.93	863200	5.93
SWHC	2016-04-02	5.66	6.00	5.65	5.81	1779200	5.81
SWHC	2016-04-01	5.88	5.97	5.11	5.53	2998400	5.53
SWHC	2016-03-31	6.08	6.28	5.94	6.02	1343100	6.02
SWHC	2016-03-30	5.89	6.00	5.41	5.97	1929800	5.97
SWHC	2016-03-27	6.80	6.80	5.76	6.04	2362900	6.04
SWHC	2016-03-26	6.80	6.89	6.57	6.80	1785100	6.80
SWHC	2016-03-25	6.10	6.68	6.10	6.57	2419500	6.57
SWHC	2016-03-24	6.15	6.23	5.95	6.07	1629000	6.07
SWHC	2016-03-23	5.62	6.15	5.62	6.15	1934600	6.15
SWHC	2016-03-20	5.70	5.75	5.48	5.60	1097100	5.60
SWHC	2016-03-19	5.66	5.74	5.35	5.67	1390800	5.67
SWHC	2016-03-18	5.71	5.75	5.38	5.58	1887500	5.58
SWHC	2016-03-17	5.23	5.77	5.23	5.71	3113600	5.71
SWHC	2016-03-16	5.22	5.73	5.10	5.23	3460800	5.23
SWHC	2016-03-13	4.98	5.13	4.50	5.11	5108200	5.11
SWHC	2016-03-12	3.98	4.69	3.92	4.59	3368700	4.59
SWHC	2016-03-11	4.20	4.48	3.98	3.98	1300400	3.98
SWHC	2016-03-10	4.46	4.80	3.84	4.22	2965400	4.22
SWHC	2016-03-09	4.55	4.80	4.32	4.36	2539900	4.36
SWHC	2016-03-06	3.98	4.45	3.90	4.43	3272700	4.43
SWHC	2016-03-05	3.63	3.94	3.50	3.79	1433200	3.79
SWHC	2016-03-04	3.56	3.77	3.52	3.70	1182000	3.70
SWHC	2016-03-03	3.37	3.69	3.35	3.40	1111400	3.40
SWHC	2016-03-02	3.80	3.80	3.25	3.28	1326400	3.28
SWHC	2016-02-27	3.55	4.00	3.54	3.83	1298900	3.83
SWHC	2016-02-26	3.86	4.14	3.51	3.66	2109900	3.66
SWHC	2016-02-25	3.38	3.97	3.30	3.82	2183600	3.82
SWHC	2016-02-24	3.09	3.90	3.08	3.53	3014900	3.53
SWHC	2016-02-23	2.90	3.08	2.86	3.05	2005700	3.05
SWHC	2016-02-20	2.52	2.86	2.52	2.83	1226100	2.83
SWHC	2016-02-19	2.52	2.65	2.50	2.52	331800	2.52
SWHC	2016-02-18	2.50	2.63	2.45	2.55	235400	2.55
SWHC	2016-02-17	2.77	2.80	2.45	2.50	575200	2.50
SWHC	2016-02-13	2.72	2.82	2.65	2.78	375400	2.78
SWHC	2016-02-12	2.59	2.74	2.56	2.69	269200	2.69
SWHC	2016-02-11	2.63	2.70	2.56	2.57	190600	2.57
SWHC	2016-02-10	2.65	2.75	2.59	2.61	429600	2.61
SWHC	2016-02-09	2.71	2.78	2.61	2.68	438400	2.68
SWHC	2016-02-06	2.54	2.80	2.50	2.66	689800	2.66
SWHC	2016-02-05	2.45	2.55	2.35	2.55	717800	2.55
SWHC	2016-02-04	2.50	2.63	2.40	2.43	561900	2.43
SWHC	2016-02-03	2.37	2.45	2.30	2.45	259400	2.45
SWHC	2016-02-02	2.32	2.43	2.30	2.34	175000	2.34
SWHC	2016-01-30	2.40	2.47	2.31	2.36	294000	2.36
SWHC	2016-01-29	2.31	2.46	2.30	2.43	372200	2.43
SWHC	2016-01-28	2.40	2.42	2.04	2.31	757300	2.31
SWHC	2016-01-27	2.38	2.48	2.35	2.40	276500	2.40
SWHC	2016-01-26	2.31	2.50	2.31	2.38	258100	2.38
SWHC	2016-01-23	2.30	2.40	2.26	2.31	209200	2.31
SWHC	2016-01-22	2.42	2.42	2.26	2.33	426100	2.33
SWHC	2016-01-21	2.50	2.60	2.27	2.47	428700	2.47
SWHC	2016-01-20	2.57	2.75	2.36	2.45	675000	2.45
SWHC	2016-01-16	2.48	2.60	2.35	2.56	513200	2.56
SWHC	2016-01-15	2.42	2.52	2.26	2.44	543300	2.44
SWHC	2016-01-14	2.50	2.68	2.43	2.47	417800	2.47
SWHC	2016-01-13	2.63	2.66	2.44	2.49	450900	2.49
SWHC	2016-01-12	2.78	2.80	2.62	2.62	372800	2.62
SWHC	2016-01-09	2.89	2.92	2.77	2.79	239200	2.79
SWHC	2016-01-08	2.80	2.90	2.66	2.90	430000	2.90
SWHC	2016-01-07	2.86	2.90	2.60	2.82	755100	2.82
SWHC	2016-01-06	2.66	2.89	2.64	2.86	840400	2.86
SWHC	2016-01-05	2.40	2.60	2.35	2.60	600100	2.60
SWHC	2016-01-02	2.27	2.36	2.22	2.35	265900	2.35
TDSC	2016-12-31	11.38	11.66	11.30	11.30	28900	11.30
TDSC	2016-12-30	11.24	11.66	11.06	11.36	34100	11.36
TDSC	2016-12-29	11.55	11.55	11.10	11.30	13600	11.30
TDSC	2016-12-28	11.76	11.76	11.25	11.49	15200	11.49
TDSC	2016-12-24	11.78	11.85	11.42	11.71	9000	11.71
TDSC	2016-12-23	11.67	11.88	11.46	11.66	12600	11.66
TDSC	2016-12-22	11.65	11.92	11.56	11.56	31400	11.56
TDSC	2016-12-21	11.16	11.74	11.06	11.57	50000	11.57
TDSC	2016-12-18	11.36	11.42	11.00	11.08	98300	11.08
TDSC	2016-12-17	11.00	11.51	11.00	11.27	26600	11.27
TDSC	2016-12-16	11.19	11.39	11.01	11.05	25300	11.05
TDSC	2016-12-15	11.09	11.41	11.00	11.00	61500	11.00
TDSC	2016-12-14	11.25	11.26	11.00	11.11	28600	11.11
TDSC	2016-12-11	11.42	11.59	11.14	11.16	24100	11.16
TDSC	2016-12-10	11.36	11.71	11.25	11.35	28700	11.35
TDSC	2016-12-09	11.45	11.62	11.27	11.61	12500	11.61
TDSC	2016-12-08	11.57	11.74	11.41	11.41	22500	11.41
TDSC	2016-12-07	11.61	11.75	11.33	11.68	23000	11.68
TDSC	2016-12-04	11.60	11.74	11.36	11.60	39800	11.60
TDSC	2016-12-03	11.40	11.51	11.27	11.34	58200	11.34
TDSC	2016-12-02	11.57	11.60	11.24	11.37	42400	11.37
TDSC	2016-12-01	11.12	11.73	10.97	11.57	94300	11.57
TDSC	2016-11-30	10.60	11.05	10.17	10.93	54900	10.93
TDSC	2016-11-27	10.32	10.98	10.32	10.67	33100	10.67
TDSC	2016-11-25	10.80	11.04	10.62	10.93	38100	10.93
TDSC	2016-11-24	10.69	10.82	10.15	10.69	26200	10.69
TDSC	2016-11-23	10.21	10.75	10.21	10.68	34200	10.68
TDSC	2016-11-20	9.82	10.08	9.78	9.99	28600	9.99
TDSC	2016-11-19	10.13	10.26	9.68	9.98	48200	9.98
TDSC	2016-11-18	10.44	10.61	10.00	10.25	36400	10.25
TDSC	2016-11-17	10.67	10.68	10.44	10.47	31800	10.47
TDSC	2016-11-16	10.01	10.74	9.93	10.73	32500	10.73
TDSC	2016-11-13	9.91	10.22	9.69	9.93	23300	9.93
TDSC	2016-11-12	10.41	10.45	9.73	9.88	49100	9.88
TDSC	2016-11-11	10.53	10.65	10.37	10.48	30100	10.48
TDSC	2016-11-10	10.24	10.49	10.23	10.41	42000	10.41
TDSC	2016-11-09	10.15	10.31	10.15	10.25	25800	10.25
TDSC	2016-11-06	9.77	10.09	9.77	9.95	21000	9.95
TDSC	2016-11-05	9.15	10.00	9.15	9.95	62500	9.95
TDSC	2016-11-04	8.39	9.98	8.39	9.03	96700	9.03
TDSC	2016-11-03	8.34	8.49	8.14	8.35	33500	8.35
TDSC	2016-11-02	8.91	8.93	8.28	8.43	63900	8.43
TDSC	2016-10-30	9.04	9.15	8.74	8.82	58800	8.82
TDSC	2016-10-29	9.18	9.22	8.96	9.14	53100	9.14
TDSC	2016-10-28	9.29	9.44	9.04	9.04	44700	9.04
TDSC	2016-10-27	9.93	9.94	9.30	9.34	40300	9.34
TDSC	2016-10-26	9.75	9.75	9.54	9.61	62700	9.61
TDSC	2016-10-23	9.69	9.90	9.43	9.50	32100	9.50
TDSC	2016-10-22	9.43	9.74	9.43	9.68	34000	9.68
TDSC	2016-10-21	9.43	9.97	9.43	9.43	47400	9.43
TDSC	2016-10-20	9.46	9.75	9.36	9.45	58500	9.45
TDSC	2016-10-19	9.48	9.50	9.25	9.46	35800	9.46
TDSC	2016-10-16	9.25	9.48	9.25	9.39	39200	9.39
TDSC	2016-10-15	9.13	9.56	9.13	9.34	47800	9.34
TDSC	2016-10-14	9.28	9.31	9.08	9.22	55500	9.22
TDSC	2016-10-13	9.13	9.35	9.06	9.11	55100	9.11
TDSC	2016-10-12	9.51	9.51	9.11	9.12	72100	9.12
TDSC	2016-10-09	9.51	9.57	9.33	9.51	47400	9.51
TDSC	2016-10-08	9.35	9.59	9.15	9.42	59600	9.42
TDSC	2016-10-07	9.23	9.33	9.23	9.31	16000	9.31
TDSC	2016-10-06	9.30	9.41	9.06	9.33	53900	9.33
TDSC	2016-10-05	9.11	9.41	9.06	9.26	24200	9.26
TDSC	2016-10-02	8.89	9.24	8.89	9.06	50300	9.06
TDSC	2016-10-01	9.50	9.60	8.95	9.00	47100	9.00
TDSC	2016-09-30	9.40	9.54	9.16	9.23	48500	9.23
TDSC	2016-09-29	9.49	9.67	9.25	9.36	17100	9.36
TDSC	2016-09-28	9.40	9.75	9.28	9.45	39200	9.45
TDSC	2016-09-25	9.33	9.61	9.10	9.29	47800	9.29
TDSC	2016-09-24	9.77	9.77	9.06	9.24	47500	9.24
TDSC	2016-09-23	10.18	10.27	9.57	9.72	35200	9.72
TDSC	2016-09-22	10.54	10.56	10.12	10.12	28200	10.12
TDSC	2016-09-21	10.30	10.71	9.96	10.44	27000	10.44
TDSC	2016-09-18	9.94	10.49	9.28	10.49	78400	10.49
TDSC	2016-09-17	9.92	9.98	9.50	9.86	27400	9.86
TDSC	2016-09-16	9.43	10.19	9.42	9.90	34700	9.90
TDSC	2016-09-15	8.87	9.44	8.76	9.40	57000	9.40
TDSC	2016-09-14	8.62	8.93	8.51	8.93	30300	8.93
TDSC	2016-09-11	8.34	8.57	8.25	8.52	10700	8.52
TDSC	2016-09-10	8.64	8.64	8.05	8.44	18700	8.44
TDSC	2016-09-09	8.25	8.71	8.00	8.63	20700	8.63
TDSC	2016-09-08	8.33	8.43	7.96	8.23	33900	8.23
TDSC	2016-09-04	8.08	8.50	7.90	8.18	39300	8.18
TDSC	2016-09-03	8.05	8.18	7.90	8.07	34700	8.07
TDSC	2016-09-02	7.92	8.53	7.87	7.94	41800	7.94
TDSC	2016-09-01	8.12	8.64	7.90	7.98	40000	7.98
TDSC	2016-08-31	8.32	8.38	8.05	8.18	46400	8.18
TDSC	2016-08-28	8.77	8.83	8.18	8.45	19100	8.45
TDSC	2016-08-27	8.71	8.75	8.47	8.72	22000	8.72
TDSC	2016-08-26	8.56	8.81	8.36	8.63	24400	8.63
TDSC	2016-08-25	8.74	8.76	8.42	8.60	22300	8.60
TDSC	2016-08-24	8.72	8.97	8.49	8.69	42800	8.69
TDSC	2016-08-21	8.42	8.88	8.00	8.71	95100	8.71
TDSC	2016-08-20	7.89	8.32	7.68	8.24	54800	8.24
TDSC	2016-08-19	7.47	7.90	7.37	7.90	32300	7.90
TDSC	2016-08-18	7.28	7.85	7.28	7.67	33100	7.67
TDSC	2016-08-17	7.03	7.37	7.03	7.19	39300	7.19
TDSC	2016-08-14	7.59	7.62	7.21	7.27	39800	7.27
TDSC	2016-08-13	7.72	7.75	7.45	7.60	19900	7.60
TDSC	2016-08-12	7.24	7.94	7.24	7.66	66400	7.66
TDSC	2016-08-11	7.14	7.55	7.14	7.21	29500	7.21
TDSC	2016-08-10	7.20	7.36	7.00	7.17	32400	7.17
TDSC	2016-08-07	7.42	7.62	7.22	7.26	53000	7.26
TDSC	2016-08-06	7.64	7.86	7.21	7.22	28800	7.22
TDSC	2016-08-05	7.85	7.90	7.43	7.60	60100	7.60
TDSC	2016-08-04	7.40	7.95	7.39	7.88	77500	7.88
TDSC	2016-08-03	7.30	7.45	7.22	7.42	41500	7.42
TDSC	2016-07-31	7.22	7.35	7.21	7.21	55800	7.21
TDSC	2016-07-30	7.34	7.35	7.23	7.29	43400	7.29
TDSC	2016-07-29	7.34	7.43	7.21	7.22	25300	7.22
TDSC	2016-07-28	7.37	7.45	7.30	7.43	25800	7.43
TDSC	2016-07-27	7.58	7.58	7.39	7.48	8400	7.48
TDSC	2016-07-24	7.35	7.40	7.25	7.35	28400	7.35
TDSC	2016-07-23	7.31	7.42	7.22	7.34	49400	7.34
TDSC	2016-07-22	7.18	7.43	7.18	7.35	32000	7.35
TDSC	2016-07-21	7.43	7.43	7.06	7.42	13900	7.42
TDSC	2016-07-20	7.47	7.47	7.22	7.34	17800	7.34
TDSC	2016-07-17	7.72	7.72	7.17	7.39	37700	7.39
TDSC	2016-07-16	7.38	7.80	7.01	7.80	21500	7.80
TDSC	2016-07-15	7.25	7.51	7.06	7.42	44100	7.42
TDSC	2016-07-14	7.14	7.41	6.98	7.06	26500	7.06
TDSC	2016-07-13	6.56	7.25	6.56	7.17	36200	7.17
TDSC	2016-07-10	6.40	6.94	6.40	6.71	33300	6.71
TDSC	2016-07-09	6.79	6.80	6.45	6.45	22700	6.45
TDSC	2016-07-08	6.79	6.94	6.66	6.69	33100	6.69
TDSC	2016-07-07	6.92	7.00	6.70	6.70	18400	6.70
TDSC	2016-07-06	6.98	7.14	6.85	6.93	33000	6.93
TDSC	2016-07-02	7.28	7.28	7.00	7.01	30200	7.01
TDSC	2016-07-01	7.33	7.56	7.22	7.49	35800	7.49
TDSC	2016-06-30	7.30	7.52	7.19	7.21	34300	7.21
TDSC	2016-06-29	7.55	7.64	7.24	7.27	55400	7.27
TDSC	2016-06-26	7.28	7.77	6.96	7.60	291100	7.60
TDSC	2016-06-25	6.88	7.41	6.75	7.38	39000	7.38
TDSC	2016-06-24	7.11	7.24	6.91	6.95	31200	6.95
TDSC	2016-06-23	6.85	7.47	6.79	6.96	42400	6.96
TDSC	2016-06-22	7.00	7.24	6.70	6.78	36400	6.78
TDSC	2016-06-19	7.52	7.52	6.97	7.07	77800	7.07
TDSC	2016-06-18	7.10	7.79	7.04	7.31	40500	7.31
TDSC	2016-06-17	7.03	7.12	6.97	7.08	39000	7.08
TDSC	2016-06-16	7.19	7.25	7.00	7.00	68200	7.00
TDSC	2016-06-15	7.25	7.25	7.00	7.11	41700	7.11
TDSC	2016-06-12	7.08	7.25	7.04	7.24	46200	7.24
TDSC	2016-06-11	6.99	7.29	6.95	7.21	34600	7.21
TDSC	2016-06-10	7.05	7.05	6.50	6.97	59900	6.97
TDSC	2016-06-09	7.00	7.06	6.88	7.00	49500	7.00
TDSC	2016-06-08	6.85	7.07	6.70	6.93	51400	6.93
TDSC	2016-06-05	6.89	7.00	6.62	7.00	46300	7.00
TDSC	2016-06-04	6.34	6.84	6.34	6.80	34300	6.80
TDSC	2016-06-03	6.87	6.90	6.11	6.26	104600	6.26
TDSC	2016-06-02	6.83	7.10	6.82	6.96	49500	6.96
TDSC	2016-06-01	6.80	7.05	6.67	6.91	108500	6.91
TDSC	2016-05-29	6.67	6.92	6.37	6.91	82600	6.91
TDSC	2016-05-28	6.58	6.63	6.12	6.61	40700	6.61
TDSC	2016-05-27	6.65	7.06	6.41	6.41	27400	6.41
TDSC	2016-05-26	6.47	6.75	6.45	6.75	51700	6.75
TDSC	2016-05-22	6.65	6.86	6.54	6.56	13800	6.56
TDSC	2016-05-21	6.76	6.85	6.51	6.56	31900	6.56
TDSC	2016-05-20	6.84	7.00	6.55	6.91	38200	6.91
TDSC	2016-05-19	6.71	7.08	6.61	6.97	33300	6.97
TDSC	2016-05-18	6.58	6.94	6.47	6.91	24200	6.91
TDSC	2016-05-15	6.80	6.80	6.37	6.41	26100	6.41
TDSC	2016-05-14	6.00	6.85	6.00	6.64	39300	6.64
TDSC	2016-05-13	6.21	6.22	5.92	5.93	69000	5.93
TDSC	2016-05-12	6.61	6.62	6.33	6.34	55500	6.34
TDSC	2016-05-11	6.26	6.62	6.26	6.54	39400	6.54
TDSC	2016-05-08	6.30	6.45	6.05	6.45	34500	6.45
TDSC	2016-05-07	6.40	6.85	6.05	6.14	43100	6.14
TDSC	2016-05-06	6.70	6.78	6.40	6.42	28900	6.42
TDSC	2016-05-05	6.90	6.97	6.56	6.65	50100	6.65
TDSC	2016-05-04	6.61	6.95	6.51	6.95	42000	6.95
TDSC	2016-05-01	6.98	7.03	6.46	6.54	19500	6.54
TDSC	2016-04-30	7.00	7.38	6.95	7.01	42100	7.01
TDSC	2016-04-29	6.83	7.08	6.75	6.97	44500	6.97
TDSC	2016-04-28	6.33	6.83	6.33	6.76	12200	6.76
TDSC	2016-04-27	6.71	6.74	6.38	6.41	39900	6.41
TDSC	2016-04-24	6.75	7.02	6.40	6.90	42600	6.90
TDSC	2016-04-23	6.84	7.01	6.66	6.66	27200	6.66
TDSC	2016-04-22	6.87	7.04	6.57	6.85	41600	6.85
TDSC	2016-04-21	6.36	7.09	6.36	7.06	31400	7.06
TDSC	2016-04-20	7.53	8.00	6.35	6.37	38500	6.37
TDSC	2016-04-17	8.00	8.00	7.73	7.82	31400	7.82
TDSC	2016-04-16	7.29	8.00	7.07	7.97	20300	7.97
TDSC	2016-04-15	6.77	7.35	6.77	7.16	24300	7.16
TDSC	2016-04-14	7.50	7.70	6.85	6.86	26600	6.86
TDSC	2016-04-13	7.41	7.80	6.98	7.71	16900	7.71
TDSC	2016-04-09	7.21	7.68	6.32	7.67	36900	7.67
TDSC	2016-04-08	6.13	7.06	6.06	7.00	14900	7.00
TDSC	2016-04-07	6.34	7.15	6.01	6.03	48300	6.03
TDSC	2016-04-06	7.28	7.39	6.39	6.46	34900	6.46
TDSC	2016-04-03	7.40	7.45	6.70	7.45	18500	7.45
TDSC	2016-04-02	6.68	8.00	6.65	7.45	70900	7.45
TDSC	2016-04-01	6.43	6.97	6.22	6.46	29800	6.46
TDSC	2016-03-31	6.60	7.15	6.26	6.59	52500	6.59
TDSC	2016-03-30	7.01	7.10	6.28	6.46	35500	6.46
TDSC	2016-03-27	7.80	7.96	7.28	7.28	29100	7.28
TDSC	2016-03-26	7.42	8.05	6.70	8.05	101500	8.05
TDSC	2016-03-25	6.87	7.36	6.24	7.27	30300	7.27
TDSC	2016-03-24	7.33	7.86	6.75	6.80	25100	6.80
TDSC	2016-03-23	7.05	7.64	6.89	7.52	71900	7.52
TDSC	2016-03-20	7.63	7.73	6.76	6.81	50700	6.81
TDSC	2016-03-19	7.86	7.88	7.04	7.51	28500	7.51
TDSC	2016-03-18	7.05	8.00	7.05	8.00	49600	8.00
TDSC	2016-03-17	6.04	7.20	5.37	7.06	44000	7.06
TDSC	2016-03-16	6.19	6.45	5.77	6.06	20800	6.06
TDSC	2016-03-13	5.80	6.90	5.80	6.12	51700	6.12
TDSC	2016-03-12	4.88	5.81	4.52	5.74	54800	5.74
TDSC	2016-03-11	4.93	5.25	4.30	4.93	21100	4.93
TDSC	2016-03-10	4.19	4.95	4.19	4.90	48700	4.90
TDSC	2016-03-09	4.80	5.42	3.89	4.05	75200	4.05
TDSC	2016-03-06	3.97	4.70	3.76	4.63	39900	4.63
TDSC	2016-03-05	4.64	5.08	3.86	3.89	34500	3.89
TDSC	2016-03-04	4.67	5.32	4.11	4.83	65000	4.83
TDSC	2016-03-03	4.82	4.82	4.50	4.56	51300	4.56
TDSC	2016-03-02	4.99	5.67	4.70	4.71	29000	4.71
TDSC	2016-02-27	4.51	5.50	4.51	5.13	75700	5.13
TDSC	2016-02-26	4.93	5.36	4.55	4.63	48400	4.63
TDSC	2016-02-25	5.36	5.67	4.85	4.85	39600	4.85
TDSC	2016-02-24	5.24	5.56	5.06	5.41	51900	5.41
TDSC	2016-02-23	5.75	5.75	5.10	5.12	43200	5.12
TDSC	2016-02-20	5.35	5.74	5.35	5.68	51000	5.68
TDSC	2016-02-19	5.63	5.75	5.50	5.50	19100	5.50
TDSC	2016-02-18	5.61	5.75	5.42	5.53	56500	5.53
TDSC	2016-02-17	6.00	6.00	5.50	5.50	41000	5.50
TDSC	2016-02-13	6.27	6.35	6.11	6.21	14800	6.21
TDSC	2016-02-12	6.79	6.79	6.06	6.24	55400	6.24
TDSC	2016-02-11	6.63	7.09	6.63	6.95	24600	6.95
TDSC	2016-02-10	7.88	7.94	6.60	6.60	31100	6.60
TDSC	2016-02-09	7.93	8.03	7.31	7.98	19500	7.98
TDSC	2016-02-06	7.05	8.00	7.05	8.00	22600	8.00
TDSC	2016-02-05	6.76	7.10	6.61	7.08	9700	7.08
TDSC	2016-02-04	7.23	7.23	6.60	6.85	20100	6.85
TDSC	2016-02-03	7.27	7.42	6.72	7.25	31900	7.25
TDSC	2016-02-02	5.90	7.27	5.90	7.20	29200	7.20
TDSC	2016-01-30	6.62	6.75	5.60	6.00	35400	6.00
TDSC	2016-01-29	7.22	7.34	6.39	6.54	18000	6.54
TDSC	2016-01-28	6.81	7.51	6.71	7.46	20900	7.46
TDSC	2016-01-27	6.46	6.99	6.18	6.66	48100	6.66
TDSC	2016-01-26	6.15	6.57	5.96	6.46	17500	6.46
TDSC	2016-01-23	5.91	6.18	5.87	6.15	21000	6.15
TDSC	2016-01-22	6.63	6.71	6.10	6.13	26300	6.13
TDSC	2016-01-21	6.40	6.93	5.85	6.84	23900	6.84
TDSC	2016-01-20	6.50	6.99	6.30	6.30	56500	6.30
TDSC	2016-01-16	6.96	6.96	6.05	6.58	34300	6.58
TDSC	2016-01-15	5.92	6.91	5.81	6.90	37100	6.90
TDSC	2016-01-14	6.36	6.69	5.92	5.92	37600	5.92
TDSC	2016-01-13	6.50	7.00	6.33	6.52	24400	6.52
TDSC	2016-01-12	7.07	7.39	6.49	6.50	25500	6.50
TDSC	2016-01-09	8.23	8.23	7.06	7.09	35400	7.09
TDSC	2016-01-08	7.78	8.25	7.78	8.25	25200	8.25
TDSC	2016-01-07	8.05	8.09	7.50	7.60	18500	7.60
TDSC	2016-01-06	8.06	8.25	7.71	8.22	21200	8.22
TDSC	2016-01-05	8.10	8.10	7.72	7.96	22100	7.96
TDSC	2016-01-02	7.98	8.27	7.87	8.08	43200	8.08
VOLT	2016-12-31	5.28	5.29	4.93	5.29	46300	5.29
VOLT	2016-12-30	5.26	5.47	5.00	5.35	48200	5.35
VOLT	2016-12-29	5.35	5.46	5.15	5.40	40700	5.40
VOLT	2016-12-28	4.98	5.49	4.92	5.42	71100	5.42
VOLT	2016-12-24	5.09	5.19	4.94	5.00	21800	5.00
VOLT	2016-12-23	5.01	5.23	4.97	5.04	2900	5.04
VOLT	2016-12-22	4.72	5.40	4.72	5.08	45900	5.08
VOLT	2016-12-21	4.52	4.74	4.52	4.74	6700	4.74
VOLT	2016-12-18	4.50	4.79	4.50	4.73	20200	4.73
VOLT	2016-12-17	4.45	4.55	4.45	4.52	5600	4.52
VOLT	2016-12-16	4.56	4.56	4.45	4.51	4700	4.51
VOLT	2016-12-15	4.61	4.61	4.40	4.50	45000	4.50
VOLT	2016-12-14	4.51	4.65	4.51	4.62	17100	4.62
VOLT	2016-12-11	4.52	4.61	4.52	4.57	40200	4.57
VOLT	2016-12-10	4.50	4.55	4.46	4.48	13000	4.48
VOLT	2016-12-09	4.65	4.65	4.41	4.50	18500	4.50
VOLT	2016-12-08	4.52	4.60	4.52	4.60	5100	4.60
VOLT	2016-12-07	4.63	4.63	4.48	4.60	6300	4.60
VOLT	2016-12-04	4.59	4.68	4.54	4.57	18600	4.57
VOLT	2016-12-03	4.80	4.80	4.50	4.55	42300	4.55
VOLT	2016-12-02	4.50	4.79	4.40	4.75	15100	4.75
VOLT	2016-12-01	4.51	4.61	4.41	4.51	17100	4.51
VOLT	2016-11-30	4.61	4.61	4.31	4.50	21100	4.50
VOLT	2016-11-27	4.54	4.54	4.54	4.54	100	4.54
VOLT	2016-11-25	4.62	4.62	4.59	4.60	6800	4.60
VOLT	2016-11-24	4.52	4.63	4.52	4.63	2300	4.63
VOLT	2016-11-23	4.71	4.71	4.55	4.55	56600	4.55
VOLT	2016-11-20	4.38	4.63	4.38	4.58	10900	4.58
VOLT	2016-11-19	4.45	4.45	4.35	4.44	20100	4.44
VOLT	2016-11-18	4.50	4.55	4.48	4.50	34500	4.50
VOLT	2016-11-17	4.36	4.54	4.36	4.54	48600	4.54
VOLT	2016-11-16	4.26	4.50	4.26	4.36	22900	4.36
VOLT	2016-11-13	4.63	4.63	4.20	4.25	35300	4.25
VOLT	2016-11-12	4.74	4.83	4.52	4.53	19200	4.53
VOLT	2016-11-11	4.67	4.86	4.63	4.74	60700	4.74
VOLT	2016-11-10	4.33	4.77	4.32	4.66	61000	4.66
VOLT	2016-11-09	4.60	4.67	4.50	4.52	156600	4.52
VOLT	2016-11-06	4.46	4.54	4.45	4.50	122900	4.50
VOLT	2016-11-05	4.36	4.60	4.21	4.43	59700	4.43
VOLT	2016-11-04	4.26	4.37	4.24	4.35	9900	4.35
VOLT	2016-11-03	4.17	4.17	4.01	4.12	77900	4.12
VOLT	2016-11-02	4.30	4.33	4.11	4.11	28400	4.11
VOLT	2016-10-30	4.61	4.69	4.30	4.30	164700	4.30
VOLT	2016-10-29	4.59	4.74	4.53	4.55	52800	4.55
VOLT	2016-10-28	4.61	4.89	4.61	4.65	53100	4.65
VOLT	2016-10-27	4.81	4.82	4.50	4.57	23200	4.57
VOLT	2016-10-26	4.84	4.98	4.73	4.81	55900	4.81
VOLT	2016-10-23	4.55	4.66	4.55	4.65	73100	4.65
VOLT	2016-10-22	4.37	4.73	4.30	4.60	61400	4.60
VOLT	2016-10-21	4.80	4.80	3.82	4.45	133000	4.45
VOLT	2016-10-20	4.96	5.01	4.78	4.83	20400	4.83
VOLT	2016-10-19	5.03	5.03	4.77	4.94	68800	4.94
VOLT	2016-10-16	4.51	4.83	4.51	4.77	21300	4.77
VOLT	2016-10-15	4.40	4.52	4.33	4.47	16600	4.47
VOLT	2016-10-14	4.49	4.52	4.37	4.50	26300	4.50
VOLT	2016-10-13	4.40	4.46	4.35	4.40	278400	4.40
VOLT	2016-10-12	4.26	4.46	4.25	4.40	30500	4.40
VOLT	2016-10-09	4.45	4.55	4.28	4.40	12500	4.40
VOLT	2016-10-08	4.43	4.55	4.38	4.45	41500	4.45
VOLT	2016-10-07	4.49	4.49	4.26	4.35	12400	4.35
VOLT	2016-10-06	4.40	4.50	4.40	4.48	26400	4.48
VOLT	2016-10-05	4.05	4.56	4.05	4.32	47600	4.32
VOLT	2016-10-02	4.23	4.23	4.00	4.15	23400	4.15
VOLT	2016-10-01	4.60	4.61	4.23	4.23	77400	4.23
VOLT	2016-09-30	4.69	4.69	4.69	4.69	0	4.69
VOLT	2016-09-29	4.70	4.70	4.65	4.69	20000	4.69
VOLT	2016-09-28	4.69	4.92	4.65	4.75	27500	4.75
VOLT	2016-09-25	4.69	4.70	4.69	4.69	16700	4.69
VOLT	2016-09-24	4.80	4.80	4.69	4.69	23100	4.69
VOLT	2016-09-23	4.75	4.80	4.70	4.80	37500	4.80
VOLT	2016-09-22	4.80	4.80	4.71	4.75	13800	4.75
VOLT	2016-09-21	4.78	4.80	4.71	4.74	13900	4.74
VOLT	2016-09-18	4.71	4.93	4.71	4.75	105800	4.75
VOLT	2016-09-17	4.76	4.83	4.76	4.78	10000	4.78
VOLT	2016-09-16	4.88	4.99	4.74	4.84	23000	4.84
VOLT	2016-09-15	4.92	4.92	4.78	4.83	15700	4.83
VOLT	2016-09-14	4.90	4.91	4.75	4.87	39700	4.87
VOLT	2016-09-11	4.71	4.94	4.71	4.81	19500	4.81
VOLT	2016-09-10	4.56	4.97	4.56	4.74	12100	4.74
VOLT	2016-09-09	4.85	4.85	4.55	4.55	73800	4.55
VOLT	2016-09-08	4.99	4.99	4.79	4.79	38400	4.79
VOLT	2016-09-04	4.95	4.95	4.81	4.88	4600	4.88
VOLT	2016-09-03	4.94	4.94	4.83	4.88	4000	4.88
VOLT	2016-09-02	4.90	4.94	4.65	4.80	8200	4.80
VOLT	2016-09-01	4.93	5.12	4.76	4.85	46200	4.85
VOLT	2016-08-31	4.99	4.99	4.75	4.91	25800	4.91
VOLT	2016-08-28	4.92	5.01	4.85	4.90	43300	4.90
VOLT	2016-08-27	4.95	4.95	4.65	4.80	65100	4.80
VOLT	2016-08-26	5.00	5.06	4.95	5.00	38100	5.00
VOLT	2016-08-25	4.78	4.95	4.71	4.95	82800	4.95
VOLT	2016-08-24	4.55	4.70	4.55	4.66	30900	4.66
VOLT	2016-08-21	4.40	4.59	4.40	4.50	18900	4.50
VOLT	2016-08-20	4.50	4.56	4.38	4.38	14200	4.38
VOLT	2016-08-19	4.38	4.59	4.32	4.50	14500	4.50
VOLT	2016-08-18	4.52	4.55	4.44	4.48	4700	4.48
VOLT	2016-08-17	4.65	4.65	4.35	4.55	39300	4.55
VOLT	2016-08-14	4.90	4.99	4.75	4.83	20500	4.83
VOLT	2016-08-13	4.95	5.00	4.84	4.94	41100	4.94
VOLT	2016-08-12	5.00	5.05	4.86	5.00	25100	5.00
VOLT	2016-08-11	4.88	5.00	4.77	5.00	13600	5.00
VOLT	2016-08-10	5.20	5.23	4.88	5.06	36700	5.06
VOLT	2016-08-07	5.19	5.25	5.14	5.19	42900	5.19
VOLT	2016-08-06	5.36	5.36	5.15	5.25	32300	5.25
VOLT	2016-08-05	5.39	5.39	5.15	5.24	86300	5.24
VOLT	2016-08-04	5.09	5.39	5.09	5.39	65600	5.39
VOLT	2016-08-03	5.17	5.17	4.72	5.08	103100	5.08
VOLT	2016-07-31	4.39	4.80	4.39	4.60	56700	4.60
VOLT	2016-07-30	4.28	4.30	4.12	4.30	114700	4.30
VOLT	2016-07-29	4.25	4.40	4.05	4.12	73100	4.12
VOLT	2016-07-28	4.11	4.24	4.03	4.10	66100	4.10
VOLT	2016-07-27	4.01	4.20	4.00	4.05	37400	4.05
VOLT	2016-07-24	3.92	4.04	3.92	4.00	29200	4.00
VOLT	2016-07-23	3.98	4.06	3.97	4.04	8000	4.04
VOLT	2016-07-22	3.90	4.03	3.68	3.98	13700	3.98
VOLT	2016-07-21	4.06	4.06	3.91	3.92	7800	3.92
VOLT	2016-07-20	4.01	4.20	3.87	3.96	21000	3.96
VOLT	2016-07-17	3.87	3.99	3.83	3.99	2800	3.99
VOLT	2016-07-16	3.88	3.89	3.88	3.89	2900	3.89
VOLT	2016-07-15	3.90	4.04	3.61	3.93	41900	3.93
VOLT	2016-07-14	4.01	4.04	3.80	3.99	6800	3.99
VOLT	2016-07-13	4.18	4.19	3.77	3.80	18200	3.80
VOLT	2016-07-10	4.04	4.06	3.75	3.75	20200	3.75
VOLT	2016-07-09	3.94	4.19	3.61	3.71	335400	3.71
VOLT	2016-07-08	4.05	4.18	3.70	3.85	35700	3.85
VOLT	2016-07-07	3.93	4.45	3.74	3.74	43800	3.74
VOLT	2016-07-06	3.80	3.80	3.25	3.70	25400	3.70
VOLT	2016-07-02	3.70	3.70	3.70	3.70	200	3.70
VOLT	2016-07-01	3.74	3.80	3.51	3.51	16600	3.51
VOLT	2016-06-30	3.80	3.99	3.65	3.65	15300	3.65
VOLT	2016-06-29	3.74	3.75	3.74	3.75	9400	3.75
VOLT	2016-06-26	3.48	3.65	3.40	3.65	6500	3.65
VOLT	2016-06-25	3.50	3.50	3.25	3.49	34300	3.49
VOLT	2016-06-24	3.40	3.60	3.40	3.59	10600	3.59
VOLT	2016-06-23	3.45	3.51	2.90	3.30	37200	3.30
VOLT	2016-06-22	3.81	3.81	3.40	3.40	5500	3.40
VOLT	2016-06-19	3.36	3.36	3.36	3.36	0	3.36
VOLT	2016-06-18	3.45	3.57	3.20	3.36	27900	3.36
VOLT	2016-06-17	3.17	3.34	2.89	3.30	40100	3.30
VOLT	2016-06-16	3.22	3.23	3.07	3.07	32200	3.07
VOLT	2016-06-15	3.49	4.00	3.26	3.32	20000	3.32
VOLT	2016-06-12	3.10	3.34	3.10	3.32	7400	3.32
VOLT	2016-06-11	2.75	3.09	2.74	3.05	278200	3.05
VOLT	2016-06-10	2.75	2.75	2.70	2.70	9300	2.70
VOLT	2016-06-09	2.67	2.75	2.66	2.75	81200	2.75
VOLT	2016-06-08	2.75	2.75	2.65	2.75	17500	2.75
VOLT	2016-06-05	2.78	2.78	2.78	2.78	3000	2.78
VOLT	2016-06-04	2.66	2.75	2.65	2.75	8100	2.75
VOLT	2016-06-03	2.65	2.67	2.64	2.64	5400	2.64
VOLT	2016-06-02	2.70	2.75	2.65	2.70	16100	2.70
VOLT	2016-06-01	2.69	2.76	2.55	2.66	32900	2.66
VOLT	2016-05-29	2.61	2.66	2.61	2.65	4600	2.65
VOLT	2016-05-28	2.65	2.68	2.60	2.60	8100	2.60
VOLT	2016-05-27	2.62	2.72	2.62	2.72	6000	2.72
VOLT	2016-05-26	2.60	2.65	2.58	2.60	6900	2.60
VOLT	2016-05-22	2.83	2.83	2.70	2.75	31700	2.75
VOLT	2016-05-21	2.57	2.75	2.50	2.75	16500	2.75
VOLT	2016-05-20	2.44	2.60	2.44	2.55	72300	2.55
VOLT	2016-05-19	2.60	2.60	2.36	2.53	127400	2.53
VOLT	2016-05-18	2.55	2.56	2.50	2.55	9500	2.55
VOLT	2016-05-15	2.55	2.55	2.55	2.55	4500	2.55
VOLT	2016-05-14	2.65	2.66	2.60	2.61	23200	2.61
VOLT	2016-05-13	2.69	2.69	2.68	2.68	400	2.68
VOLT	2016-05-12	2.65	2.75	2.65	2.71	13500	2.71
VOLT	2016-05-11	2.76	2.76	2.65	2.66	24000	2.66
VOLT	2016-05-08	2.70	2.76	2.70	2.76	7900	2.76
VOLT	2016-05-07	2.71	2.79	2.66	2.70	22000	2.70
VOLT	2016-05-06	2.53	2.78	2.50	2.62	29200	2.62
VOLT	2016-05-05	2.50	2.55	2.45	2.50	10800	2.50
VOLT	2016-05-04	2.40	2.62	2.39	2.50	64600	2.50
VOLT	2016-05-01	2.40	2.40	2.40	2.40	0	2.40
VOLT	2016-04-30	2.32	2.48	2.30	2.40	8300	2.40
VOLT	2016-04-29	2.42	2.42	2.33	2.35	99800	2.35
VOLT	2016-04-28	2.40	2.43	2.40	2.41	3400	2.41
VOLT	2016-04-27	2.40	2.42	2.40	2.42	500	2.42
VOLT	2016-04-24	2.41	2.48	2.40	2.44	3900	2.44
VOLT	2016-04-23	2.40	2.49	2.40	2.49	1900	2.49
VOLT	2016-04-22	2.50	2.55	2.48	2.48	86000	2.48
VOLT	2016-04-21	2.45	2.55	2.33	2.49	18200	2.49
VOLT	2016-04-20	2.49	2.50	2.20	2.33	19500	2.33
VOLT	2016-04-17	2.45	2.45	2.45	2.45	1400	2.45
VOLT	2016-04-16	2.45	2.45	2.45	2.45	0	2.45
VOLT	2016-04-15	2.46	2.46	2.41	2.45	4500	2.45
VOLT	2016-04-14	2.50	2.50	2.46	2.50	6800	2.50
VOLT	2016-04-13	2.40	2.53	2.40	2.50	26500	2.50
VOLT	2016-04-09	2.42	2.42	2.34	2.40	1300	2.40
VOLT	2016-04-08	2.35	2.41	2.35	2.41	600	2.41
VOLT	2016-04-07	2.45	2.49	2.28	2.30	4000	2.30
VOLT	2016-04-06	2.44	2.51	2.44	2.51	17100	2.51
VOLT	2016-04-03	2.40	2.42	2.40	2.42	700	2.42
VOLT	2016-04-02	2.49	2.49	2.40	2.44	2100	2.44
VOLT	2016-04-01	2.19	2.39	2.19	2.38	4800	2.38
VOLT	2016-03-31	2.16	2.45	2.16	2.37	6800	2.37
VOLT	2016-03-30	2.39	2.41	2.29	2.41	7200	2.41
VOLT	2016-03-27	2.50	2.50	2.50	2.50	0	2.50
VOLT	2016-03-26	2.43	2.54	2.38	2.50	25000	2.50
VOLT	2016-03-25	2.45	2.46	2.40	2.40	13200	2.40
VOLT	2016-03-24	2.46	2.47	2.45	2.46	5900	2.46
VOLT	2016-03-23	2.43	2.50	2.33	2.40	26500	2.40
VOLT	2016-03-20	2.42	2.46	2.40	2.45	1300	2.45
VOLT	2016-03-19	2.47	2.50	2.29	2.48	10800	2.48
VOLT	2016-03-18	2.12	2.40	2.11	2.40	1800	2.40
VOLT	2016-03-17	2.23	2.40	2.20	2.40	27900	2.40
VOLT	2016-03-16	2.42	2.45	2.17	2.29	157300	2.29
VOLT	2016-03-13	2.50	2.50	2.10	2.34	23500	2.34
VOLT	2016-03-12	2.22	2.45	2.22	2.43	7100	2.43
VOLT	2016-03-11	2.21	2.45	2.21	2.43	2800	2.43
VOLT	2016-03-10	2.03	2.49	2.00	2.44	812800	2.44
VOLT	2016-03-09	2.17	2.18	2.10	2.16	3700	2.16
VOLT	2016-03-06	2.12	2.30	2.01	2.25	12500	2.25
VOLT	2016-03-05	2.06	2.30	2.06	2.30	4800	2.30
VOLT	2016-03-04	2.33	2.35	2.00	2.32	23700	2.32
VOLT	2016-03-03	2.23	2.25	2.12	2.25	2900	2.25
VOLT	2016-03-02	2.17	2.38	2.17	2.35	6200	2.35
VOLT	2016-02-27	2.25	2.37	2.18	2.37	5200	2.37
VOLT	2016-02-26	2.25	2.40	2.25	2.40	1100	2.40
VOLT	2016-02-25	2.44	2.47	2.44	2.46	2200	2.46
VOLT	2016-02-24	2.10	2.45	2.10	2.44	4000	2.44
VOLT	2016-02-23	2.16	2.45	2.01	2.40	10000	2.40
VOLT	2016-02-20	2.12	2.45	2.12	2.45	3000	2.45
VOLT	2016-02-19	2.40	2.40	2.40	2.40	3000	2.40
VOLT	2016-02-18	2.54	2.59	2.40	2.50	5200	2.50
VOLT	2016-02-17	2.61	2.61	2.09	2.51	36100	2.51
VOLT	2016-02-13	2.65	2.65	2.60	2.61	9800	2.61
VOLT	2016-02-12	2.60	2.70	2.60	2.65	21200	2.65
VOLT	2016-02-11	2.64	2.64	2.64	2.64	100	2.64
VOLT	2016-02-10	2.63	2.66	2.57	2.62	21500	2.62
VOLT	2016-02-09	2.55	2.68	2.50	2.67	25100	2.67
VOLT	2016-02-06	2.50	2.55	2.46	2.55	3700	2.55
VOLT	2016-02-05	2.53	2.53	2.53	2.53	500	2.53
VOLT	2016-02-04	2.41	2.50	2.41	2.50	6700	2.50
VOLT	2016-02-03	2.43	2.49	2.42	2.49	2100	2.49
VOLT	2016-02-02	2.49	2.49	2.49	2.49	0	2.49
VOLT	2016-01-30	2.49	2.49	2.49	2.49	0	2.49
VOLT	2016-01-29	2.49	2.49	2.49	2.49	0	2.49
VOLT	2016-01-28	2.40	2.49	2.40	2.49	800	2.49
VOLT	2016-01-27	2.51	2.51	2.51	2.51	0	2.51
VOLT	2016-01-26	2.20	2.52	2.20	2.51	38400	2.51
VOLT	2016-01-23	2.15	2.51	2.07	2.51	1700	2.51
VOLT	2016-01-22	2.05	2.52	2.05	2.48	6100	2.48
VOLT	2016-01-21	2.49	2.54	2.30	2.53	9600	2.53
VOLT	2016-01-20	2.24	2.45	2.23	2.45	5900	2.45
VOLT	2016-01-16	2.24	2.25	2.20	2.25	2200	2.25
VOLT	2016-01-15	2.15	2.25	2.05	2.24	16300	2.24
VOLT	2016-01-14	2.26	2.39	2.07	2.31	20400	2.31
VOLT	2016-01-13	2.57	2.65	2.40	2.47	6700	2.47
VOLT	2016-01-12	2.73	2.73	2.70	2.70	12900	2.70
VOLT	2016-01-09	2.95	2.95	2.95	2.95	100	2.95
VOLT	2016-01-08	2.85	2.85	2.85	2.85	0	2.85
VOLT	2016-01-07	3.02	3.02	2.85	2.85	4900	2.85
VOLT	2016-01-06	3.00	3.02	3.00	3.00	75600	3.00
VOLT	2016-01-05	2.72	2.99	2.71	2.99	2800	2.99
VOLT	2016-01-02	2.99	2.99	2.99	2.99	1700	2.99
VOXW	2016-12-31	1.51	1.64	1.50	1.64	2800	1.64
VOXW	2016-12-30	1.64	1.64	1.52	1.62	1800	1.62
VOXW	2016-12-29	1.61	1.61	1.51	1.51	2200	1.51
VOXW	2016-12-28	1.66	1.66	1.52	1.61	2500	1.61
VOXW	2016-12-24	1.66	1.66	1.66	1.66	1000	1.66
VOXW	2016-12-23	1.68	1.70	1.68	1.70	1000	1.70
VOXW	2016-12-22	1.69	1.69	1.69	1.69	0	1.69
VOXW	2016-12-21	1.85	1.95	1.69	1.69	4100	1.69
VOXW	2016-12-18	1.75	1.85	1.75	1.85	1500	1.85
VOXW	2016-12-17	1.84	1.85	1.80	1.85	1500	1.85
VOXW	2016-12-16	1.78	1.83	1.78	1.83	300	1.83
VOXW	2016-12-15	1.65	1.66	1.65	1.66	1200	1.66
VOXW	2016-12-14	1.66	1.66	1.66	1.66	600	1.66
VOXW	2016-12-11	1.85	1.85	1.85	1.85	2000	1.85
VOXW	2016-12-10	1.56	1.56	1.56	1.56	0	1.56
VOXW	2016-12-09	1.56	1.56	1.56	1.56	0	1.56
VOXW	2016-12-08	1.65	1.65	1.55	1.56	1300	1.56
VOXW	2016-12-07	1.67	1.67	1.67	1.67	1100	1.67
VOXW	2016-12-04	1.87	1.87	1.87	1.87	0	1.87
VOXW	2016-12-03	1.87	1.87	1.87	1.87	1100	1.87
VOXW	2016-12-02	1.67	1.67	1.67	1.67	0	1.67
VOXW	2016-12-01	1.50	1.67	1.50	1.67	2800	1.67
VOXW	2016-11-30	1.51	1.51	1.51	1.51	0	1.51
VOXW	2016-11-27	1.51	1.51	1.51	1.51	100	1.51
VOXW	2016-11-25	1.53	1.53	1.53	1.53	0	1.53
VOXW	2016-11-24	1.53	1.53	1.53	1.53	0	1.53
VOXW	2016-11-23	1.51	1.53	1.51	1.53	200	1.53
VOXW	2016-11-20	1.55	1.55	1.55	1.55	0	1.55
VOXW	2016-11-19	1.55	1.55	1.55	1.55	0	1.55
VOXW	2016-11-18	1.55	1.55	1.55	1.55	0	1.55
VOXW	2016-11-17	1.55	1.55	1.55	1.55	0	1.55
VOXW	2016-11-16	1.61	1.75	1.19	1.55	6000	1.55
VOXW	2016-11-13	1.85	1.85	1.85	1.85	2200	1.85
VOXW	2016-11-12	1.85	1.85	1.85	1.85	800	1.85
VOXW	2016-11-11	1.98	1.98	1.98	1.98	0	1.98
VOXW	2016-11-10	1.84	1.98	1.82	1.98	2700	1.98
VOXW	2016-11-09	1.80	1.80	1.80	1.80	0	1.80
VOXW	2016-11-06	1.80	1.80	1.80	1.80	0	1.80
VOXW	2016-11-05	1.80	1.80	1.80	1.80	300	1.80
VOXW	2016-11-04	1.92	1.92	1.92	1.92	0	1.92
VOXW	2016-11-03	1.65	1.92	1.65	1.92	2100	1.92
VOXW	2016-11-02	1.75	1.75	1.75	1.75	0	1.75
VOXW	2016-10-30	1.75	1.75	1.75	1.75	0	1.75
VOXW	2016-10-29	1.75	1.75	1.75	1.75	1000	1.75
VOXW	2016-10-28	1.76	1.76	1.76	1.76	0	1.76
VOXW	2016-10-27	1.78	1.78	1.75	1.76	1700	1.76
VOXW	2016-10-26	1.77	1.77	1.77	1.77	0	1.77
VOXW	2016-10-23	1.77	1.77	1.77	1.77	0	1.77
VOXW	2016-10-22	1.77	1.77	1.77	1.77	0	1.77
VOXW	2016-10-21	1.85	1.85	1.72	1.77	700	1.77
VOXW	2016-10-20	1.80	1.80	1.80	1.80	200	1.80
VOXW	2016-10-19	1.98	1.98	1.98	1.98	0	1.98
VOXW	2016-10-16	1.98	1.98	1.98	1.98	200	1.98
VOXW	2016-10-15	2.00	2.00	2.00	2.00	0	2.00
VOXW	2016-10-14	1.79	2.00	1.79	2.00	1100	2.00
VOXW	2016-10-13	1.80	1.99	1.80	1.99	900	1.99
VOXW	2016-10-12	2.08	2.08	2.08	2.08	0	2.08
VOXW	2016-10-09	2.07	2.08	2.07	2.08	800	2.08
VOXW	2016-10-08	1.55	2.05	1.55	1.81	700	1.81
VOXW	2016-10-07	2.03	2.05	2.03	2.05	3000	2.05
VOXW	2016-10-06	1.90	1.90	1.89	1.89	200	1.89
VOXW	2016-10-05	1.89	1.99	1.89	1.99	900	1.99
VOXW	2016-10-02	1.90	1.90	1.90	1.90	500	1.90
VOXW	2016-10-01	1.89	1.89	1.89	1.89	400	1.89
VOXW	2016-09-30	1.99	1.99	1.99	1.99	100	1.99
VOXW	2016-09-29	1.95	1.99	1.70	1.90	20200	1.90
VOXW	2016-09-28	2.05	2.05	2.05	2.05	0	2.05
VOXW	2016-09-25	2.05	2.05	2.05	2.05	0	2.05
VOXW	2016-09-24	2.14	2.14	2.05	2.05	200	2.05
VOXW	2016-09-23	1.92	2.35	1.92	2.35	1500	2.35
VOXW	2016-09-22	2.24	2.35	2.05	2.05	3100	2.05
VOXW	2016-09-21	1.77	2.23	1.77	2.23	5000	2.23
VOXW	2016-09-18	1.80	2.00	1.80	2.00	1400	2.00
VOXW	2016-09-17	1.82	1.82	1.82	1.82	0	1.82
VOXW	2016-09-16	2.00	2.00	1.82	1.82	800	1.82
VOXW	2016-09-15	1.82	1.90	1.82	1.86	2200	1.86
VOXW	2016-09-14	1.90	1.90	1.82	1.82	700	1.82
VOXW	2016-09-11	1.90	1.90	1.90	1.90	0	1.90
VOXW	2016-09-10	1.90	1.90	1.90	1.90	500	1.90
VOXW	2016-09-09	1.86	1.86	1.86	1.86	0	1.86
VOXW	2016-09-08	1.83	1.86	1.83	1.86	1100	1.86
VOXW	2016-09-04	2.10	2.10	2.10	2.10	0	2.10
VOXW	2016-09-03	1.85	2.10	1.85	2.10	1800	2.10
VOXW	2016-09-02	2.00	2.04	2.00	2.04	400	2.04
VOXW	2016-09-01	1.85	1.85	1.85	1.85	0	1.85
VOXW	2016-08-31	1.97	1.97	1.85	1.85	1100	1.85
VOXW	2016-08-28	2.07	2.07	1.95	2.00	1600	2.00
VOXW	2016-08-27	2.07	2.07	2.07	2.07	0	2.07
VOXW	2016-08-26	2.07	2.07	2.07	2.07	0	2.07
VOXW	2016-08-25	2.00	2.07	1.86	2.07	2600	2.07
VOXW	2016-08-24	2.01	2.07	2.00	2.07	11200	2.07
VOXW	2016-08-21	2.16	2.17	1.77	2.10	4900	2.10
VOXW	2016-08-20	2.39	2.39	2.30	2.30	600	2.30
VOXW	2016-08-19	2.39	2.39	2.39	2.39	100	2.39
VOXW	2016-08-18	2.17	2.17	2.17	2.17	100	2.17
VOXW	2016-08-17	2.40	2.40	2.40	2.40	100	2.40
VOXW	2016-08-14	2.21	2.21	2.00	2.18	5800	2.18
VOXW	2016-08-13	2.21	2.24	2.21	2.24	400	2.24
VOXW	2016-08-12	2.23	2.23	2.22	2.22	500	2.22
VOXW	2016-08-11	2.21	2.27	2.21	2.22	2000	2.22
VOXW	2016-08-10	2.10	2.61	2.10	2.45	6000	2.45
VOXW	2016-08-07	2.13	2.13	2.13	2.13	0	2.13
VOXW	2016-08-06	2.26	2.26	2.10	2.13	1000	2.13
VOXW	2016-08-05	2.51	2.55	2.30	2.30	800	2.30
VOXW	2016-08-04	2.41	2.59	2.16	2.30	2100	2.30
VOXW	2016-08-03	2.64	2.64	2.64	2.64	400	2.64
VOXW	2016-07-31	2.43	2.65	2.41	2.55	1600	2.55
VOXW	2016-07-30	2.41	2.70	2.40	2.70	2000	2.70
VOXW	2016-07-29	2.35	2.59	2.35	2.59	1400	2.59
VOXW	2016-07-28	2.81	2.81	2.31	2.31	5400	2.31
VOXW	2016-07-27	2.48	2.80	2.10	2.50	24800	2.50
VOXW	2016-07-24	2.69	2.69	1.74	2.02	18900	2.02
VOXW	2016-07-23	1.70	1.70	1.70	1.70	300	1.70
VOXW	2016-07-22	1.70	1.70	1.70	1.70	400	1.70
VOXW	2016-07-21	1.61	1.61	1.61	1.61	0	1.61
VOXW	2016-07-20	1.61	1.61	1.61	1.61	0	1.61
VOXW	2016-07-17	1.86	2.12	1.51	1.61	7900	1.61
VOXW	2016-07-16	1.93	1.93	1.93	1.93	100	1.93
VOXW	2016-07-15	2.10	2.10	2.10	2.10	0	2.10
VOXW	2016-07-14	2.99	2.99	2.05	2.10	4800	2.10
VOXW	2016-07-13	1.86	1.99	1.85	1.94	1200	1.94
VOXW	2016-07-10	1.76	2.00	1.76	1.78	800	1.78
VOXW	2016-07-09	1.76	1.80	1.75	1.80	1800	1.80
VOXW	2016-07-08	1.75	1.75	1.75	1.75	0	1.75
VOXW	2016-07-07	1.79	1.79	1.75	1.75	500	1.75
VOXW	2016-07-06	2.10	2.10	1.75	1.78	2100	1.78
VOXW	2016-07-02	2.10	2.10	1.81	1.81	800	1.81
VOXW	2016-07-01	1.96	1.96	1.76	1.76	2400	1.76
VOXW	2016-06-30	1.76	2.10	1.71	1.94	6500	1.94
VOXW	2016-06-29	2.00	2.00	2.00	2.00	0	2.00
VOXW	2016-06-26	1.60	2.00	1.60	2.00	400	2.00
VOXW	2016-06-25	1.90	1.99	1.89	1.89	2300	1.89
VOXW	2016-06-24	1.85	2.00	1.50	1.65	7000	1.65
VOXW	2016-06-23	1.85	1.85	1.80	1.81	1100	1.81
VOXW	2016-06-22	1.78	1.85	1.70	1.76	3700	1.76
VOXW	2016-06-19	1.89	1.89	1.80	1.80	1800	1.80
VOXW	2016-06-18	1.85	1.85	1.51	1.56	4400	1.56
VOXW	2016-06-17	2.29	2.29	1.54	1.76	11600	1.76
VOXW	2016-06-16	1.47	2.89	1.47	2.32	80400	2.32
VOXW	2016-06-15	1.25	1.40	0.99	1.40	5800	1.40
VOXW	2016-06-12	1.00	1.23	1.00	1.23	3300	1.23
VOXW	2016-06-11	1.01	1.40	0.75	1.04	7600	1.04
VOXW	2016-06-10	1.11	1.11	1.00	1.08	1100	1.08
VOXW	2016-06-09	1.10	1.10	1.10	1.10	0	1.10
VOXW	2016-06-08	1.55	1.55	1.10	1.10	9500	1.10
VOXW	2016-06-05	1.06	1.06	1.06	1.06	0	1.06
VOXW	2016-06-04	1.06	1.06	1.06	1.06	100	1.06
VOXW	2016-06-03	1.06	1.06	1.05	1.05	200	1.05
VOXW	2016-06-02	1.00	1.25	1.00	1.05	2500	1.05
VOXW	2016-06-01	1.02	1.04	1.00	1.00	2500	1.00
VOXW	2016-05-29	1.16	1.16	1.16	1.16	0	1.16
VOXW	2016-05-28	1.16	1.16	1.16	1.16	0	1.16
VOXW	2016-05-27	1.16	1.16	1.16	1.16	200	1.16
VOXW	2016-05-26	1.25	1.25	1.25	1.25	100	1.25
VOXW	2016-05-22	1.26	1.26	1.26	1.26	0	1.26
VOXW	2016-05-21	1.26	1.26	1.26	1.26	0	1.26
VOXW	2016-05-20	1.28	1.32	1.26	1.26	3300	1.26
VOXW	2016-05-19	1.31	1.31	1.31	1.31	0	1.31
VOXW	2016-05-18	1.31	1.50	1.31	1.31	400	1.31
VOXW	2016-05-15	1.30	1.55	1.30	1.55	500	1.55
VOXW	2016-05-14	1.37	1.37	1.30	1.30	600	1.30
VOXW	2016-05-13	1.33	1.33	1.33	1.33	0	1.33
VOXW	2016-05-12	1.33	1.33	1.33	1.33	0	1.33
VOXW	2016-05-11	1.30	1.50	1.30	1.33	500	1.33
VOXW	2016-05-08	1.36	1.55	1.32	1.32	5300	1.32
VOXW	2016-05-07	1.33	1.55	1.33	1.55	2500	1.55
VOXW	2016-05-06	1.48	1.50	1.48	1.50	300	1.50
VOXW	2016-05-05	1.44	1.44	1.44	1.44	200	1.44
VOXW	2016-05-04	1.65	1.65	1.65	1.65	0	1.65
VOXW	2016-05-01	1.35	1.65	1.35	1.65	1600	1.65
VOXW	2016-04-30	1.54	1.54	1.31	1.40	1800	1.40
VOXW	2016-04-29	1.63	1.63	1.63	1.63	0	1.63
VOXW	2016-04-28	1.40	1.63	1.26	1.63	2200	1.63
VOXW	2016-04-27	1.92	1.92	1.40	1.90	13400	1.90
VOXW	2016-04-24	1.56	1.56	1.46	1.46	300	1.46
VOXW	2016-04-23	1.37	1.99	1.37	1.55	6600	1.55
VOXW	2016-04-22	1.59	2.00	1.35	1.74	8000	1.74
VOXW	2016-04-21	1.40	1.65	1.09	1.22	4600	1.22
VOXW	2016-04-20	1.26	1.65	1.26	1.65	600	1.65
VOXW	2016-04-17	1.45	1.65	1.31	1.65	2500	1.65
VOXW	2016-04-16	1.60	1.60	1.60	1.60	500	1.60
VOXW	2016-04-15	1.73	1.73	1.30	1.73	2900	1.73
VOXW	2016-04-14	1.57	1.57	1.55	1.57	800	1.57
VOXW	2016-04-13	1.38	1.75	1.05	1.60	7600	1.60
VOXW	2016-04-09	1.72	1.72	1.61	1.69	3000	1.69
VOXW	2016-04-08	1.72	1.72	1.61	1.61	2200	1.61
VOXW	2016-04-07	1.66	1.69	1.60	1.60	4500	1.60
VOXW	2016-04-06	1.40	1.80	1.24	1.24	15300	1.24
VOXW	2016-04-03	1.50	1.92	1.50	1.89	3600	1.89
VOXW	2016-04-02	1.31	1.90	1.20	1.31	5900	1.31
VOXW	2016-04-01	1.50	1.50	1.00	1.19	3500	1.19
VOXW	2016-03-31	1.65	1.65	1.65	1.65	0	1.65
VOXW	2016-03-30	1.70	1.82	1.65	1.65	2300	1.65
VOXW	2016-03-27	2.00	2.00	1.53	1.84	5600	1.84
VOXW	2016-03-26	2.21	2.56	1.92	2.00	23500	2.00
VOXW	2016-03-25	2.40	2.75	2.40	2.75	400	2.75
VOXW	2016-03-24	2.71	3.24	2.71	2.75	3000	2.75
VOXW	2016-03-23	2.80	3.39	2.29	2.80	9500	2.80
VOXW	2016-03-20	4.00	4.76	2.76	2.78	20500	2.78
VOXW	2016-03-19	2.35	5.52	2.22	4.00	60600	4.00
VOXW	2016-03-18	4.48	4.48	0.52	2.00	111000	2.00
VOXW	2016-03-17	0.23	0.23	0.10	0.10	500	0.10
VOXW	2016-03-16	0.23	0.23	0.23	0.23	200	0.23
VOXW	2016-03-13	0.24	0.24	0.24	0.24	0	0.24
VOXW	2016-03-12	0.24	0.24	0.24	0.24	0	0.24
VOXW	2016-03-11	0.12	0.24	0.12	0.24	3000	0.24
VOXW	2016-03-10	0.25	0.25	0.25	0.25	100	0.25
VOXW	2016-03-09	0.50	0.50	0.50	0.50	300	0.50
VOXW	2016-03-06	0.63	0.63	0.61	0.61	200	0.61
VOXW	2016-03-05	0.80	0.80	0.80	0.80	0	0.80
VOXW	2016-03-04	0.80	0.80	0.80	0.80	0	0.80
VOXW	2016-03-03	0.80	0.80	0.80	0.80	0	0.80
VOXW	2016-03-02	0.80	0.80	0.80	0.80	0	0.80
VOXW	2016-02-27	0.80	0.80	0.80	0.80	0	0.80
VOXW	2016-02-26	0.80	0.80	0.80	0.80	0	0.80
VOXW	2016-02-25	0.95	0.95	0.80	0.80	300	0.80
VOXW	2016-02-24	0.95	0.95	0.95	0.95	0	0.95
VOXW	2016-02-23	0.95	0.95	0.95	0.95	100	0.95
VOXW	2016-02-20	1.00	1.00	1.00	1.00	0	1.00
VOXW	2016-02-19	1.00	1.00	1.00	1.00	0	1.00
VOXW	2016-02-18	1.00	1.00	1.00	1.00	0	1.00
VOXW	2016-02-17	1.00	1.00	1.00	1.00	0	1.00
VOXW	2016-02-13	1.12	1.32	1.00	1.00	1900	1.00
VOXW	2016-02-12	1.09	1.09	1.09	1.09	0	1.09
VOXW	2016-02-11	1.09	1.09	1.09	1.09	200	1.09
VOXW	2016-02-10	1.45	1.45	1.45	1.45	0	1.45
VOXW	2016-02-09	1.45	1.45	1.45	1.45	0	1.45
VOXW	2016-02-06	1.45	1.45	1.45	1.45	100	1.45
VOXW	2016-02-05	1.53	1.53	0.98	1.00	900	1.00
VOXW	2016-02-04	0.98	0.98	0.98	0.98	500	0.98
VOXW	2016-02-03	1.57	1.57	1.57	1.57	0	1.57
VOXW	2016-02-02	1.57	1.57	1.57	1.57	0	1.57
VOXW	2016-01-30	1.07	1.57	1.07	1.57	1000	1.57
VOXW	2016-01-29	1.54	1.54	1.54	1.54	0	1.54
VOXW	2016-01-28	1.54	1.54	1.54	1.54	0	1.54
VOXW	2016-01-27	1.54	1.54	1.54	1.54	0	1.54
VOXW	2016-01-26	1.61	1.61	1.54	1.54	600	1.54
VOXW	2016-01-23	1.04	1.04	1.04	1.04	1300	1.04
VOXW	2016-01-22	1.04	1.04	1.04	1.04	0	1.04
VOXW	2016-01-21	1.04	1.04	1.04	1.04	0	1.04
VOXW	2016-01-20	1.04	1.04	1.04	1.04	0	1.04
VOXW	2016-01-16	1.04	1.04	1.04	1.04	0	1.04
VOXW	2016-01-15	1.09	1.26	1.04	1.04	1500	1.04
VOXW	2016-01-14	1.43	1.43	1.43	1.43	0	1.43
VOXW	2016-01-13	1.43	1.43	1.43	1.43	0	1.43
VOXW	2016-01-12	1.60	1.60	1.43	1.43	300	1.43
VOXW	2016-01-09	1.52	1.52	1.52	1.52	200	1.52
VOXW	2016-01-08	1.52	1.52	1.52	1.52	100	1.52
VOXW	2016-01-07	1.04	1.48	1.04	1.48	500	1.48
VOXW	2016-01-06	1.53	1.53	1.53	1.53	100	1.53
VOXW	2016-01-05	1.00	1.00	1.00	1.00	800	1.00
VOXW	2016-01-02	0.98	0.98	0.98	0.98	0	0.98
XBKS	2016-12-31	7.00	7.00	7.00	7.00	0	7.00
XBKS	2016-12-30	7.00	7.00	7.00	7.00	0	7.00
XBKS	2016-12-29	7.00	7.00	7.00	7.00	0	7.00
XBKS	2016-12-28	7.00	7.00	7.00	7.00	0	7.00
XBKS	2016-12-24	9.00	9.00	7.00	7.00	400	7.00
XBKS	2016-12-23	4.01	4.01	4.01	4.01	0	4.01
XBKS	2016-12-22	3.50	4.01	3.50	4.01	600	4.01
XBKS	2016-12-21	5.07	5.07	5.07	5.07	0	5.07
XBKS	2016-12-18	5.07	5.07	5.07	5.07	0	5.07
XBKS	2016-12-17	4.60	5.71	3.52	5.07	3700	5.07
XBKS	2016-12-16	5.75	5.75	5.75	5.75	0	5.75
XBKS	2016-12-15	5.92	5.92	5.75	5.75	200	5.75
XBKS	2016-12-14	5.68	5.68	5.68	5.68	0	5.68
XBKS	2016-12-11	5.74	5.74	5.68	5.68	300	5.68
XBKS	2016-12-10	5.74	5.74	5.74	5.74	0	5.74
XBKS	2016-12-09	5.75	5.75	5.72	5.74	700	5.74
XBKS	2016-12-08	5.75	5.75	5.75	5.75	0	5.75
XBKS	2016-12-07	5.72	5.75	5.72	5.75	600	5.75
XBKS	2016-12-04	4.58	4.58	4.58	4.58	0	4.58
XBKS	2016-12-03	4.58	4.58	4.58	4.58	0	4.58
XBKS	2016-12-02	4.58	4.58	4.58	4.58	0	4.58
XBKS	2016-12-01	4.58	4.58	4.58	4.58	0	4.58
XBKS	2016-11-30	4.58	4.58	4.58	4.58	0	4.58
XBKS	2016-11-27	4.58	4.58	4.58	4.58	0	4.58
XBKS	2016-11-25	4.58	4.58	4.58	4.58	0	4.58
XBKS	2016-11-24	4.58	4.58	4.58	4.58	0	4.58
XBKS	2016-11-23	4.58	4.58	4.58	4.58	0	4.58
XBKS	2016-11-20	4.58	4.58	4.58	4.58	0	4.58
XBKS	2016-11-19	4.58	4.58	4.58	4.58	0	4.58
XBKS	2016-11-18	4.58	4.58	4.58	4.58	0	4.58
XBKS	2016-11-17	4.58	4.58	4.58	4.58	0	4.58
XBKS	2016-11-16	4.58	4.58	4.58	4.58	0	4.58
XBKS	2016-11-13	4.58	4.58	4.58	4.58	0	4.58
XBKS	2016-11-12	4.58	4.58	4.58	4.58	0	4.58
XBKS	2016-11-11	4.58	4.58	4.58	4.58	0	4.58
XBKS	2016-11-10	4.58	4.58	4.58	4.58	0	4.58
XBKS	2016-11-09	4.58	4.58	4.58	4.58	200	4.58
XBKS	2016-11-06	5.00	5.00	5.00	5.00	0	5.00
XBKS	2016-11-05	5.00	5.00	5.00	5.00	0	5.00
XBKS	2016-11-04	5.00	5.00	5.00	5.00	0	5.00
XBKS	2016-11-03	5.00	5.00	5.00	5.00	400	5.00
XBKS	2016-11-02	5.23	5.23	5.23	5.23	0	5.23
XBKS	2016-10-30	5.25	5.25	5.23	5.23	600	5.23
XBKS	2016-10-29	5.25	5.25	5.25	5.25	100	5.25
XBKS	2016-10-28	5.90	5.93	5.89	5.89	500	5.89
XBKS	2016-10-27	5.49	5.49	5.49	5.49	0	5.49
XBKS	2016-10-26	5.49	5.49	5.49	5.49	0	5.49
XBKS	2016-10-23	5.49	5.49	5.49	5.49	0	5.49
XBKS	2016-10-22	5.49	5.49	5.49	5.49	0	5.49
XBKS	2016-10-21	5.49	5.49	5.49	5.49	0	5.49
XBKS	2016-10-20	5.88	5.88	5.49	5.49	300	5.49
XBKS	2016-10-19	5.90	5.90	5.90	5.90	0	5.90
XBKS	2016-10-16	5.90	5.90	5.90	5.90	0	5.90
XBKS	2016-10-15	5.90	5.90	5.90	5.90	0	5.90
XBKS	2016-10-14	5.90	5.90	5.90	5.90	100	5.90
XBKS	2016-10-13	5.88	5.88	5.88	5.88	100	5.88
XBKS	2016-10-12	5.30	5.30	5.30	5.30	0	5.30
XBKS	2016-10-09	5.30	5.30	5.30	5.30	200	5.30
XBKS	2016-10-08	5.20	5.20	5.20	5.20	0	5.20
XBKS	2016-10-07	6.23	6.25	5.06	5.20	2200	5.20
XBKS	2016-10-06	6.00	6.44	5.52	5.75	1800	5.75
XBKS	2016-10-05	5.40	5.40	5.40	5.40	0	5.40
XBKS	2016-10-02	5.42	5.42	5.40	5.40	2000	5.40
XBKS	2016-10-01	5.07	5.50	5.00	5.50	2400	5.50
XBKS	2016-09-30	5.20	5.75	5.20	5.50	2500	5.50
XBKS	2016-09-29	5.75	5.75	5.75	5.75	0	5.75
XBKS	2016-09-28	5.75	5.75	5.75	5.75	100	5.75
XBKS	2016-09-25	5.25	5.25	5.25	5.25	100	5.25
XBKS	2016-09-24	5.20	5.20	5.20	5.20	100	5.20
XBKS	2016-09-23	5.23	5.60	5.20	5.45	1400	5.45
XBKS	2016-09-22	5.20	5.20	5.20	5.20	0	5.20
XBKS	2016-09-21	6.00	6.00	5.07	5.20	900	5.20
XBKS	2016-09-18	6.25	6.25	6.25	6.25	0	6.25
XBKS	2016-09-17	6.25	6.25	6.25	6.25	0	6.25
XBKS	2016-09-16	6.25	6.25	6.25	6.25	0	6.25
XBKS	2016-09-15	6.15	6.25	6.15	6.25	300	6.25
XBKS	2016-09-14	6.00	6.00	6.00	6.00	200	6.00
XBKS	2016-09-11	6.99	6.99	6.99	6.99	100	6.99
XBKS	2016-09-10	6.00	6.00	6.00	6.00	200	6.00
XBKS	2016-09-09	6.01	6.01	6.01	6.01	100	6.01
XBKS	2016-09-08	5.90	5.90	5.90	5.90	0	5.90
XBKS	2016-09-04	6.16	6.16	5.72	5.90	5000	5.90
XBKS	2016-09-03	6.20	6.20	6.18	6.20	1900	6.20
XBKS	2016-09-02	5.16	6.00	5.00	6.00	6300	6.00
XBKS	2016-09-01	5.95	6.01	5.01	5.06	1900	5.06
XBKS	2016-08-31	6.16	6.16	6.01	6.01	1400	6.01
XBKS	2016-08-28	6.25	6.25	6.25	6.25	200	6.25
XBKS	2016-08-27	6.20	6.20	6.20	6.20	500	6.20
XBKS	2016-08-26	6.27	6.30	6.25	6.25	1200	6.25
XBKS	2016-08-25	6.50	6.50	6.50	6.50	0	6.50
XBKS	2016-08-24	6.89	6.89	6.50	6.50	500	6.50
XBKS	2016-08-21	7.00	7.00	7.00	7.00	0	7.00
XBKS	2016-08-20	7.00	7.00	7.00	7.00	0	7.00
XBKS	2016-08-19	7.00	7.00	7.00	7.00	0	7.00
XBKS	2016-08-18	7.00	7.00	7.00	7.00	2400	7.00
XBKS	2016-08-17	7.00	7.00	7.00	7.00	500	7.00
XBKS	2016-08-14	7.01	7.01	7.00	7.00	500	7.00
XBKS	2016-08-13	7.00	7.00	7.00	7.00	0	7.00
XBKS	2016-08-12	7.00	7.00	7.00	7.00	1000	7.00
XBKS	2016-08-11	7.00	7.00	7.00	7.00	0	7.00
XBKS	2016-08-10	7.00	7.00	7.00	7.00	100	7.00
XBKS	2016-08-07	6.78	6.78	6.78	6.78	100	6.78
XBKS	2016-08-06	7.33	7.33	7.33	7.33	0	7.33
XBKS	2016-08-05	7.33	7.33	7.33	7.33	0	7.33
XBKS	2016-08-04	7.33	7.33	7.33	7.33	0	7.33
XBKS	2016-08-03	6.86	7.33	6.86	7.33	500	7.33
XBKS	2016-07-31	6.54	6.54	6.54	6.54	0	6.54
XBKS	2016-07-30	6.98	6.98	6.50	6.54	900	6.54
XBKS	2016-07-29	7.12	7.12	7.12	7.12	0	7.12
XBKS	2016-07-28	7.12	7.12	7.12	7.12	0	7.12
XBKS	2016-07-27	6.98	7.12	6.98	7.12	1000	7.12
XBKS	2016-07-24	7.39	7.39	7.39	7.39	0	7.39
XBKS	2016-07-23	7.39	7.39	7.39	7.39	0	7.39
XBKS	2016-07-22	6.98	7.39	6.98	7.39	400	7.39
XBKS	2016-07-21	6.99	6.99	6.99	6.99	1000	6.99
XBKS	2016-07-20	7.00	7.01	7.00	7.00	500	7.00
XBKS	2016-07-17	6.25	6.25	6.25	6.25	0	6.25
XBKS	2016-07-16	6.25	6.25	6.25	6.25	0	6.25
XBKS	2016-07-15	6.50	6.50	6.25	6.25	300	6.25
XBKS	2016-07-14	6.12	6.41	6.12	6.41	1700	6.41
XBKS	2016-07-13	6.02	7.21	6.02	6.11	400	6.11
XBKS	2016-07-10	7.00	7.00	7.00	7.00	2400	7.00
XBKS	2016-07-09	7.00	7.00	7.00	7.00	1000	7.00
XBKS	2016-07-08	6.50	6.50	6.50	6.50	0	6.50
XBKS	2016-07-07	6.50	6.52	6.50	6.50	700	6.50
XBKS	2016-07-06	6.00	6.00	6.00	6.00	100	6.00
XBKS	2016-07-02	6.51	6.51	5.92	6.00	1800	6.00
XBKS	2016-07-01	6.57	6.61	6.57	6.60	800	6.60
XBKS	2016-06-30	6.61	6.61	6.61	6.61	0	6.61
XBKS	2016-06-29	6.61	6.61	6.61	6.61	0	6.61
XBKS	2016-06-26	6.56	6.61	6.56	6.61	500	6.61
XBKS	2016-06-25	6.52	7.64	6.50	7.64	800	7.64
XBKS	2016-06-24	7.32	7.45	6.30	7.30	28600	7.30
XBKS	2016-06-23	6.40	6.40	6.11	6.11	500	6.11
XBKS	2016-06-22	7.55	8.00	7.00	8.00	12700	8.00
XBKS	2016-06-19	7.25	7.25	7.25	7.25	0	7.25
XBKS	2016-06-18	5.78	7.25	5.78	7.25	600	7.25
XBKS	2016-06-17	6.48	7.00	6.48	6.84	1300	6.84
XBKS	2016-06-16	5.06	6.99	5.06	5.67	1700	5.67
XBKS	2016-06-15	4.90	4.90	4.90	4.90	0	4.90
XBKS	2016-06-12	5.15	5.15	4.90	4.90	1600	4.90
XBKS	2016-06-11	5.15	5.15	5.15	5.15	200	5.15
XBKS	2016-06-10	4.98	4.98	4.98	4.98	300	4.98
XBKS	2016-06-09	4.75	4.99	4.75	4.99	300	4.99
XBKS	2016-06-08	4.95	4.95	4.60	4.65	1700	4.65
XBKS	2016-06-05	4.60	4.95	4.60	4.95	400	4.95
XBKS	2016-06-04	4.60	4.61	4.60	4.61	6500	4.61
XBKS	2016-06-03	5.69	5.69	5.01	5.01	1000	5.01
XBKS	2016-06-02	5.01	5.05	4.75	5.05	600	5.05
XBKS	2016-06-01	4.61	5.67	4.61	5.67	3000	5.67
XBKS	2016-05-29	6.00	6.00	6.00	6.00	0	6.00
XBKS	2016-05-28	6.00	6.00	6.00	6.00	0	6.00
XBKS	2016-05-27	6.00	6.00	6.00	6.00	100	6.00
XBKS	2016-05-26	4.90	4.90	4.90	4.90	0	4.90
XBKS	2016-05-22	4.90	4.90	4.90	4.90	0	4.90
XBKS	2016-05-21	4.90	4.90	4.90	4.90	0	4.90
XBKS	2016-05-20	4.90	4.90	4.51	4.90	400	4.90
XBKS	2016-05-19	4.02	5.06	4.02	5.02	2300	5.02
XBKS	2016-05-18	4.73	5.07	4.35	4.97	700	4.97
XBKS	2016-05-15	6.21	6.47	5.13	5.21	6700	5.21
XBKS	2016-05-14	7.75	7.75	6.10	6.53	12100	6.53
XBKS	2016-05-13	5.31	8.00	5.31	7.75	27400	7.75
XBKS	2016-05-12	3.00	3.00	3.00	3.00	200	3.00
XBKS	2016-05-11	2.32	2.73	2.32	2.70	1900	2.70
XBKS	2016-05-08	2.80	2.80	2.80	2.80	0	2.80
XBKS	2016-05-07	2.80	2.80	2.80	2.80	800	2.80
XBKS	2016-05-06	2.92	3.00	2.92	3.00	300	3.00
XBKS	2016-05-05	2.55	2.55	2.55	2.55	0	2.55
XBKS	2016-05-04	2.55	2.55	2.55	2.55	0	2.55
XBKS	2016-05-01	2.55	2.55	2.55	2.55	0	2.55
XBKS	2016-04-30	3.32	3.52	2.55	2.55	2800	2.55
XBKS	2016-04-29	2.55	2.55	2.55	2.55	0	2.55
XBKS	2016-04-28	2.55	2.55	2.55	2.55	0	2.55
XBKS	2016-04-27	2.55	2.55	2.55	2.55	400	2.55
XBKS	2016-04-24	2.55	2.55	2.55	2.55	400	2.55
XBKS	2016-04-23	2.50	2.50	2.50	2.50	0	2.50
XBKS	2016-04-22	2.78	2.78	2.50	2.50	2300	2.50
XBKS	2016-04-21	3.08	3.08	3.08	3.08	0	3.08
XBKS	2016-04-20	3.08	3.08	3.08	3.08	300	3.08
XBKS	2016-04-17	3.00	3.00	3.00	3.00	0	3.00
XBKS	2016-04-16	3.00	3.04	3.00	3.00	9600	3.00
XBKS	2016-04-15	3.01	3.01	3.01	3.01	100	3.01
XBKS	2016-04-14	3.00	3.01	2.70	3.00	6000	3.00
XBKS	2016-04-13	2.95	2.95	2.25	2.25	200	2.25
XBKS	2016-04-09	2.49	3.01	2.49	2.96	2900	2.96
XBKS	2016-04-08	2.10	2.10	2.10	2.10	200	2.10
XBKS	2016-04-07	2.14	2.14	2.14	2.14	0	2.14
XBKS	2016-04-06	2.14	2.14	2.14	2.14	0	2.14
XBKS	2016-04-03	2.14	2.14	2.14	2.14	0	2.14
XBKS	2016-04-02	2.39	2.39	2.14	2.14	200	2.14
XBKS	2016-04-01	1.85	1.85	1.85	1.85	0	1.85
XBKS	2016-03-31	2.18	2.18	1.85	1.85	1000	1.85
XBKS	2016-03-30	2.93	2.93	2.93	2.93	200	2.93
XBKS	2016-03-27	3.00	3.00	2.25	2.25	1700	2.25
XBKS	2016-03-26	3.00	3.00	3.00	3.00	800	3.00
XBKS	2016-03-25	3.00	3.00	3.00	3.00	0	3.00
XBKS	2016-03-24	3.00	3.00	3.00	3.00	0	3.00
XBKS	2016-03-23	2.98	3.00	2.98	3.00	2000	3.00
XBKS	2016-03-20	2.99	2.99	2.99	2.99	0	2.99
XBKS	2016-03-19	2.99	2.99	2.99	2.99	100	2.99
XBKS	2016-03-18	2.85	2.85	2.54	2.54	600	2.54
XBKS	2016-03-17	2.99	3.01	2.99	3.01	1400	3.01
XBKS	2016-03-16	2.92	2.92	2.92	2.92	100	2.92
XBKS	2016-03-13	2.85	2.92	2.85	2.92	200	2.92
XBKS	2016-03-12	2.82	2.83	2.25	2.25	1000	2.25
XBKS	2016-03-11	2.85	2.85	2.84	2.84	300	2.84
XBKS	2016-03-10	1.99	2.25	1.99	2.25	200	2.25
XBKS	2016-03-09	2.37	2.37	1.57	1.57	600	1.57
XBKS	2016-03-06	2.81	2.81	2.81	2.81	0	2.81
XBKS	2016-03-05	2.81	2.81	2.81	2.81	200	2.81
XBKS	2016-03-04	2.65	2.65	2.65	2.65	0	2.65
XBKS	2016-03-03	2.65	2.65	2.65	2.65	0	2.65
XBKS	2016-03-02	2.65	2.65	2.65	2.65	0	2.65
XBKS	2016-02-27	2.65	2.65	2.65	2.65	400	2.65
XBKS	2016-02-26	2.65	2.65	2.65	2.65	500	2.65
XBKS	2016-02-25	2.68	2.68	2.65	2.65	4200	2.65
XBKS	2016-02-24	2.68	2.68	2.68	2.68	500	2.68
XBKS	2016-02-23	2.72	2.72	2.72	2.72	0	2.72
XBKS	2016-02-20	2.72	2.72	2.72	2.72	0	2.72
XBKS	2016-02-19	2.74	2.74	2.72	2.72	200	2.72
XBKS	2016-02-18	2.94	2.94	2.94	2.94	0	2.94
XBKS	2016-02-17	2.94	2.94	2.94	2.94	0	2.94
XBKS	2016-02-13	2.98	3.01	2.94	2.94	700	2.94
XBKS	2016-02-12	2.80	2.80	2.80	2.80	0	2.80
XBKS	2016-02-11	2.80	2.80	2.80	2.80	0	2.80
XBKS	2016-02-10	2.80	2.80	2.80	2.80	0	2.80
XBKS	2016-02-09	2.80	2.80	2.80	2.80	300	2.80
XBKS	2016-02-06	3.50	3.50	2.79	2.82	1400	2.82
XBKS	2016-02-05	3.50	3.50	3.50	3.50	0	3.50
XBKS	2016-02-04	3.50	3.50	3.50	3.50	0	3.50
XBKS	2016-02-03	3.50	3.50	3.50	3.50	0	3.50
XBKS	2016-02-02	3.60	3.60	3.50	3.50	1100	3.50
XBKS	2016-01-30	3.60	3.60	3.60	3.60	100	3.60
XBKS	2016-01-29	3.63	3.63	3.60	3.60	200	3.60
XBKS	2016-01-28	3.60	3.60	3.60	3.60	0	3.60
XBKS	2016-01-27	3.60	3.60	3.60	3.60	200	3.60
XBKS	2016-01-26	3.50	3.50	3.50	3.50	0	3.50
XBKS	2016-01-23	3.50	3.50	3.50	3.50	0	3.50
XBKS	2016-01-22	3.50	3.50	3.50	3.50	0	3.50
XBKS	2016-01-21	3.50	3.50	3.50	3.50	0	3.50
XBKS	2016-01-20	3.50	3.50	3.50	3.50	0	3.50
XBKS	2016-01-16	3.85	3.85	3.50	3.50	800	3.50
XBKS	2016-01-15	3.85	3.85	3.85	3.85	0	3.85
XBKS	2016-01-14	3.85	3.85	3.85	3.85	0	3.85
XBKS	2016-01-13	3.85	3.85	3.85	3.85	0	3.85
XBKS	2016-01-12	3.85	3.85	3.85	3.85	1000	3.85
XBKS	2016-01-09	4.01	4.01	4.01	4.01	0	4.01
XBKS	2016-01-08	4.01	4.01	4.01	4.01	0	4.01
XBKS	2016-01-07	4.01	4.01	4.01	4.01	0	4.01
XBKS	2016-01-06	4.01	4.01	4.01	4.01	0	4.01
XBKS	2016-01-05	4.01	4.01	4.01	4.01	0	4.01
XBKS	2016-01-02	4.01	4.01	4.01	4.01	0	4.01
\.


--
-- Data for Name: trading; Type: TABLE DATA; Schema: public; Owner: -
--

COPY trading (customer, company, day, amount) FROM stdin;
customer10	RBPAA	2016-03-02	154
customer7	SWHC	2016-08-28	422
customer3	CDCS	2016-05-18	-432
customer6	SWHC	2016-11-12	248
customer9	RBPAA	2016-11-25	403
customer3	SWHC	2016-08-13	247
customer3	RBPAA	2016-09-28	44
customer9	VOXW	2016-10-05	-462
customer2	JAVA	2016-06-12	-476
customer2	MAYS	2016-02-26	-347
customer3	XBKS	2016-08-27	148
customer7	XBKS	2016-05-08	144
customer6	MDVN	2016-05-22	-177
customer1	XBKS	2016-03-10	-449
customer9	RBPAA	2016-01-28	300
customer1	VOXW	2016-12-31	-12
customer9	JAVA	2016-12-17	-62
customer9	VOLT	2016-07-09	285
customer7	MDVN	2016-09-17	-267
customer10	TDSC	2016-12-03	-470
customer8	MDVN	2016-04-15	3
customer10	VOXW	2016-11-09	147
customer10	XBKS	2016-07-20	98
customer5	MAYS	2016-02-11	-286
customer2	XBKS	2016-07-23	-183
customer9	MAYS	2016-04-01	-185
customer5	MDVN	2016-04-29	24
customer6	MAYS	2016-11-13	158
customer9	CDCS	2016-09-02	-441
customer9	JAVA	2016-01-29	189
customer5	CPBY	2016-09-30	436
customer5	SWHC	2016-01-20	-300
customer6	RBPAA	2016-11-25	85
customer8	XBKS	2016-08-20	441
customer2	JAVA	2016-12-04	-253
customer7	MDVN	2016-05-28	115
customer1	VOXW	2016-05-15	432
customer1	RBPAA	2016-09-18	-145
customer1	CDCS	2016-04-15	231
customer8	CDCS	2016-04-01	395
customer8	SWHC	2016-04-06	-427
customer4	XBKS	2016-03-18	-461
customer1	XBKS	2016-03-20	-429
customer1	CPBY	2016-08-31	-165
customer4	VOLT	2016-04-30	-190
customer6	MDVN	2016-11-27	400
customer2	XBKS	2016-10-08	313
customer4	VOLT	2016-02-04	-173
customer1	XBKS	2016-10-14	264
customer8	MDVN	2016-09-17	406
customer4	VOLT	2016-04-20	169
customer7	TDSC	2016-12-28	181
customer8	RBPAA	2016-05-19	-446
customer10	RBPAA	2016-11-30	-99
customer7	CPBY	2016-04-07	-9
customer7	VOLT	2016-04-27	-442
customer4	XBKS	2016-01-14	-451
customer8	MDVN	2016-01-27	-430
customer4	XBKS	2016-10-12	354
customer2	JAVA	2016-08-18	-407
customer7	MAYS	2016-06-11	477
customer1	RBPAA	2016-06-12	274
customer9	MDVN	2016-08-03	-455
customer1	VOLT	2016-05-22	-72
customer10	TDSC	2016-02-05	-111
customer7	SWHC	2016-06-25	-118
customer1	CDCS	2016-07-08	394
customer4	TDSC	2016-03-25	197
customer5	RBPAA	2016-08-06	-242
\.


--
-- Name: company_pk; Type: CONSTRAINT; Schema: public; Owner: -; Tablespace: 
--

ALTER TABLE ONLY company
    ADD CONSTRAINT company_pk PRIMARY KEY (stock_symbol);


--
-- Name: customer_pkey; Type: CONSTRAINT; Schema: public; Owner: -; Tablespace: 
--

ALTER TABLE ONLY customer
    ADD CONSTRAINT customer_pkey PRIMARY KEY (name);


--
-- Name: stock_company_fkey; Type: FK CONSTRAINT; Schema: public; Owner: -
--

ALTER TABLE ONLY stock
    ADD CONSTRAINT stock_company_fkey FOREIGN KEY (company) REFERENCES company(stock_symbol);


--
-- Name: trading_company_fkey; Type: FK CONSTRAINT; Schema: public; Owner: -
--

ALTER TABLE ONLY trading
    ADD CONSTRAINT trading_company_fkey FOREIGN KEY (company) REFERENCES company(stock_symbol);


--
-- Name: trading_customer_fkey; Type: FK CONSTRAINT; Schema: public; Owner: -
--

ALTER TABLE ONLY trading
    ADD CONSTRAINT trading_customer_fkey FOREIGN KEY (customer) REFERENCES customer(name);


--
-- PostgreSQL database dump complete
--

